Timestamp,Date,Time,Air Quality (ppm),Temperature (°C),Humidity (%),PM2.5 (µg/m³),PM10 (µg/m³),Soil Moisture (%),Water Quality (ppm),City,Country,Latitude,Longitude
2026-02-19T22:38:26.861908,2026-02-19,22:38:26,116.75,24.56,59.78,12.76,66.55,77.37,327,Bhiwadi,India,28.2081,76.8626
2026-02-19T22:38:26.956459,2026-02-19,22:38:26,192.02,21.65,76.72,41.37,32.00,50.28,109,,,,
2026-02-19T22:38:28.875660,2026-02-19,22:38:28,65.67,26.33,53.70,15.10,64.63,41.38,433,Bhiwadi,India,28.2081,76.8626
2026-02-19T22:38:29.099748,2026-02-19,22:38:29,174.33,27.28,73.62,35.58,74.55,61.50,457,,,,
2026-02-19T22:38:30.883964,2026-02-19,22:38:30,106.38,23.90,61.80,20.38,63.91,30.81,230,Bhiwadi,India,28.2081,76.8626
2026-02-19T22:38:31.662041,2026-02-19,22:38:31,68.78,23.62,56.13,18.13,63.00,67.37,467,,,,
2026-02-19T22:38:32.892902,2026-02-19,22:38:32,169.32,25.30,43.03,18.30,34.86,68.90,243,Bhiwadi,India,28.2081,76.8626
2026-02-19T22:38:33.740168,2026-02-19,22:38:33,74.89,26.31,76.07,28.80,37.95,55.46,130,,,,
2026-02-19T22:38:34.903071,2026-02-19,22:38:34,152.85,34.40,43.84,43.97,60.41,79.38,181,Bhiwadi,India,28.2081,76.8626
2026-02-19T22:38:35.830355,2026-02-19,22:38:35,105.36,22.26,55.34,19.82,45.94,44.08,156,,,,
2026-02-19T22:38:36.913190,2026-02-19,22:38:36,106.95,23.37,53.22,44.54,59.05,58.74,462,Bhiwadi,India,28.2081,76.8626
2026-02-19T22:38:37.932274,2026-02-19,22:38:37,78.55,25.37,40.40,13.85,38.97,46.30,108,,,,
2026-02-19T22:38:38.926756,2026-02-19,22:38:38,155.77,30.77,63.15,22.76,46.09,43.83,104,Bhiwadi,India,28.2081,76.8626
2026-02-19T22:38:40.029398,2026-02-19,22:38:40,152.77,26.90,70.24,13.99,69.60,45.93,133,,,,
2026-02-19T22:38:40.939990,2026-02-19,22:38:40,53.12,21.17,62.57,16.41,68.39,58.37,139,Bhiwadi,India,28.2081,76.8626
2026-02-19T22:38:42.141453,2026-02-19,22:38:42,91.29,34.87,45.81,44.25,51.42,65.02,313,,,,
2026-02-19T22:38:42.953385,2026-02-19,22:38:42,82.85,26.55,66.41,27.07,35.29,48.53,291,Bhiwadi,India,28.2081,76.8626
2026-02-19T22:38:44.223044,2026-02-19,22:38:44,176.69,31.17,59.76,25.48,65.03,70.43,427,,,,
2026-02-19T22:38:44.963650,2026-02-19,22:38:44,77.06,29.54,40.99,36.15,39.40,68.22,282,Bhiwadi,India,28.2081,76.8626
2026-02-19T22:38:46.317410,2026-02-19,22:38:46,154.17,30.40,79.14,21.80,64.62,54.73,438,,,,
2026-02-19T22:38:46.975715,2026-02-19,22:38:46,68.98,22.65,63.66,45.70,67.65,49.97,363,Bhiwadi,India,28.2081,76.8626
2026-02-19T22:38:48.418922,2026-02-19,22:38:48,145.15,29.27,65.05,36.07,75.87,64.83,411,,,,
2026-02-19T22:38:48.985158,2026-02-19,22:38:48,59.45,28.32,68.71,49.35,77.13,62.07,436,Bhiwadi,India,28.2081,76.8626
2026-02-19T22:38:50.511790,2026-02-19,22:38:50,176.59,22.18,45.43,34.20,65.18,43.49,277,,,,
2026-02-19T22:38:50.998318,2026-02-19,22:38:50,189.58,32.77,49.10,34.32,29.90,65.96,248,Bhiwadi,India,28.2081,76.8626
2026-02-19T22:38:52.598180,2026-02-19,22:38:52,173.42,26.18,48.98,33.36,44.46,39.70,155,,,,
2026-02-19T22:38:53.012102,2026-02-19,22:38:53,72.65,33.30,54.84,12.34,70.52,52.94,442,Bhiwadi,India,28.2081,76.8626
2026-02-19T22:38:54.730576,2026-02-19,22:38:54,188.21,22.55,75.74,25.51,76.21,38.50,328,,,,
2026-02-19T22:38:55.026285,2026-02-19,22:38:55,108.00,30.11,46.48,40.07,63.08,36.00,140,Bhiwadi,India,28.2081,76.8626
2026-02-19T22:38:56.873614,2026-02-19,22:38:56,75.31,28.11,46.35,21.31,31.27,43.52,476,,,,
2026-02-19T22:38:57.040473,2026-02-19,22:38:57,164.69,29.21,65.68,48.09,71.20,71.10,100,Bhiwadi,India,28.2081,76.8626
2026-02-19T22:38:59.050431,2026-02-19,22:38:59,65.38,30.88,46.33,24.41,24.08,45.97,427,Bhiwadi,India,28.2081,76.8626
2026-02-19T22:38:59.091349,2026-02-19,22:38:59,170.20,33.57,79.14,18.71,72.65,52.71,114,,,,
2026-02-19T22:39:01.061769,2026-02-19,22:39:01,77.78,32.68,74.96,26.44,60.73,43.34,292,Bhiwadi,India,28.2081,76.8626
2026-02-19T22:39:01.181784,2026-02-19,22:39:01,76.13,30.64,51.23,42.75,23.32,70.15,409,,,,
2026-02-19T22:39:03.076016,2026-02-19,22:39:03,179.86,30.17,77.88,38.85,32.30,35.01,408,Bhiwadi,India,28.2081,76.8626
2026-02-19T22:39:03.304599,2026-02-19,22:39:03,139.43,25.57,59.86,15.25,37.32,56.12,288,,,,
2026-02-19T22:39:05.087855,2026-02-19,22:39:05,63.98,28.87,72.95,28.67,31.65,53.62,492,Bhiwadi,India,28.2081,76.8626
2026-02-19T22:39:05.395715,2026-02-19,22:39:05,157.15,29.59,61.58,20.87,79.00,48.39,207,,,,
2026-02-19T22:39:07.099254,2026-02-19,22:39:07,91.95,33.03,44.04,40.56,25.78,77.89,334,Bhiwadi,India,28.2081,76.8626
2026-02-19T22:39:07.650527,2026-02-19,22:39:07,195.65,22.67,43.76,45.94,66.23,39.92,418,,,,
2026-02-19T22:39:09.110598,2026-02-19,22:39:09,80.02,29.61,45.17,20.96,27.50,79.08,121,Bhiwadi,India,28.2081,76.8626
2026-02-19T22:39:09.760850,2026-02-19,22:39:09,103.99,25.08,55.96,34.61,39.55,46.70,152,,,,
2026-02-19T22:39:11.122582,2026-02-19,22:39:11,179.75,34.47,64.67,25.38,37.27,36.17,469,Bhiwadi,India,28.2081,76.8626
2026-02-19T22:39:11.844006,2026-02-19,22:39:11,167.42,33.70,75.25,28.76,22.77,32.53,493,,,,
2026-02-19T22:39:13.134575,2026-02-19,22:39:13,172.03,27.33,69.45,37.93,37.70,67.64,453,Bhiwadi,India,28.2081,76.8626
2026-02-19T22:39:14.052369,2026-02-19,22:39:14,154.32,31.93,48.27,22.69,45.08,42.75,365,,,,
2026-02-19T22:39:15.143416,2026-02-19,22:39:15,139.92,22.08,79.34,27.51,75.38,75.16,458,Bhiwadi,India,28.2081,76.8626
2026-02-19T22:39:16.147220,2026-02-19,22:39:16,174.32,23.48,62.97,47.90,27.32,44.51,371,,,,
2026-02-19T22:39:17.154892,2026-02-19,22:39:17,144.43,25.80,68.10,45.43,22.45,52.28,230,Bhiwadi,India,28.2081,76.8626
2026-02-19T22:39:18.266363,2026-02-19,22:39:18,74.58,21.36,55.72,26.27,79.99,31.18,429,,,,
2026-02-19T22:39:19.169314,2026-02-19,22:39:19,72.39,21.49,61.75,12.81,45.55,57.38,207,Bhiwadi,India,28.2081,76.8626
2026-02-19T22:39:20.349072,2026-02-19,22:39:20,148.40,20.01,56.31,19.95,71.17,69.83,143,,,,
2026-02-19T22:39:21.181807,2026-02-19,22:39:21,164.90,28.77,69.59,44.76,58.85,63.70,361,Bhiwadi,India,28.2081,76.8626
2026-02-19T22:39:22.448435,2026-02-19,22:39:22,72.37,25.22,48.75,29.64,20.06,69.92,321,,,,
2026-02-19T22:39:23.193083,2026-02-19,22:39:23,64.82,20.52,56.42,48.52,48.84,43.54,327,Bhiwadi,India,28.2081,76.8626
2026-02-19T22:39:24.535201,2026-02-19,22:39:24,173.58,25.37,40.61,43.40,25.15,44.69,496,,,,
2026-02-19T22:39:25.209676,2026-02-19,22:39:25,73.93,22.58,50.37,18.39,67.74,58.14,281,Bhiwadi,India,28.2081,76.8626
2026-02-19T22:39:26.620399,2026-02-19,22:39:26,108.41,32.03,71.72,17.66,61.32,54.05,487,,,,
2026-02-19T22:39:27.224719,2026-02-19,22:39:27,113.33,32.09,77.64,37.99,44.64,47.68,364,Bhiwadi,India,28.2081,76.8626
2026-02-19T22:39:28.702330,2026-02-19,22:39:28,60.09,31.17,65.88,21.16,21.01,53.48,234,,,,
2026-02-19T22:39:29.238707,2026-02-19,22:39:29,116.62,28.36,58.28,14.70,47.66,61.90,473,Bhiwadi,India,28.2081,76.8626
2026-02-19T22:39:30.796783,2026-02-19,22:39:30,121.80,33.80,47.60,15.42,68.97,67.13,200,,,,
2026-02-19T22:39:31.254412,2026-02-19,22:39:31,69.98,32.61,57.17,46.30,28.44,71.75,373,Bhiwadi,India,28.2081,76.8626
2026-02-19T22:39:32.893286,2026-02-19,22:39:32,134.10,28.27,44.21,30.30,51.73,50.78,492,,,,
2026-02-19T22:39:33.270298,2026-02-19,22:39:33,168.55,31.80,58.18,38.64,39.21,61.90,276,Bhiwadi,India,28.2081,76.8626
2026-02-19T22:39:35.009658,2026-02-19,22:39:35,199.06,23.20,52.57,43.72,27.79,40.88,289,,,,
2026-02-19T22:39:35.287141,2026-02-19,22:39:35,116.03,31.89,51.20,28.88,60.68,75.26,116,Bhiwadi,India,28.2081,76.8626
2026-02-19T22:39:37.160526,2026-02-19,22:39:37,193.49,29.01,45.92,49.38,67.64,71.48,260,,,,
2026-02-19T22:39:37.304230,2026-02-19,22:39:37,124.41,30.95,67.05,49.58,36.10,49.89,243,Bhiwadi,India,28.2081,76.8626
2026-02-19T22:39:39.276116,2026-02-19,22:39:39,156.19,32.00,77.82,30.89,55.09,64.54,219,,,,
2026-02-19T22:39:39.318002,2026-02-19,22:39:39,182.86,24.21,64.54,34.96,34.33,79.14,189,Bhiwadi,India,28.2081,76.8626
2026-02-19T22:39:41.328468,2026-02-19,22:39:41,122.57,34.57,41.37,25.25,24.33,71.56,349,Bhiwadi,India,28.2081,76.8626
2026-02-19T22:39:41.365750,2026-02-19,22:39:41,94.97,33.71,73.92,46.22,30.57,39.01,289,,,,
2026-02-19T22:39:43.341346,2026-02-19,22:39:43,168.36,31.46,48.24,27.48,79.90,63.03,313,Bhiwadi,India,28.2081,76.8626
2026-02-19T22:39:43.460707,2026-02-19,22:39:43,85.65,22.02,56.50,18.39,71.96,47.88,391,,,,
2026-02-19T22:39:45.354236,2026-02-19,22:39:45,196.42,29.33,60.62,32.20,42.71,49.02,372,Bhiwadi,India,28.2081,76.8626
2026-02-19T22:39:45.561646,2026-02-19,22:39:45,136.77,24.80,55.05,43.44,68.50,59.20,411,,,,
2026-02-19T22:39:47.371720,2026-02-19,22:39:47,100.36,26.71,77.08,42.61,35.92,45.10,111,Bhiwadi,India,28.2081,76.8626
2026-02-19T22:39:47.668796,2026-02-19,22:39:47,81.68,32.18,59.82,27.93,38.16,49.90,424,,,,
2026-02-19T22:39:49.387307,2026-02-19,22:39:49,170.96,27.33,43.80,33.92,58.67,75.62,319,Bhiwadi,India,28.2081,76.8626
2026-02-19T22:39:49.785512,2026-02-19,22:39:49,164.42,30.19,69.92,38.00,22.05,60.27,454,,,,
2026-02-19T22:39:51.398993,2026-02-19,22:39:51,120.83,24.28,44.52,49.82,68.21,67.54,461,Bhiwadi,India,28.2081,76.8626
2026-02-19T22:39:52.149222,2026-02-19,22:39:52,103.83,33.15,75.93,43.45,64.13,38.06,362,,,,
2026-02-19T22:39:53.406968,2026-02-19,22:39:53,162.29,28.30,66.85,34.12,58.58,75.85,183,Bhiwadi,India,28.2081,76.8626
2026-02-19T22:39:54.246663,2026-02-19,22:39:54,90.47,26.05,57.10,38.63,44.50,31.29,414,,,,
2026-02-19T22:39:55.420025,2026-02-19,22:39:55,139.78,21.87,78.15,27.36,72.39,51.55,137,Bhiwadi,India,28.2081,76.8626
2026-02-19T22:39:56.334225,2026-02-19,22:39:56,147.96,23.01,58.26,33.31,36.57,70.95,103,,,,
2026-02-19T22:39:57.438733,2026-02-19,22:39:57,71.47,28.25,44.52,30.28,73.80,33.29,312,Bhiwadi,India,28.2081,76.8626
2026-02-19T22:39:58.404357,2026-02-19,22:39:58,63.87,21.11,45.67,21.36,36.97,42.09,463,,,,
2026-02-19T22:39:59.457612,2026-02-19,22:39:59,189.07,25.24,77.30,28.34,50.79,79.59,302,Bhiwadi,India,28.2081,76.8626
2026-02-19T22:40:00.508821,2026-02-19,22:40:00,107.24,25.61,77.01,13.85,49.94,48.48,403,,,,
2026-02-19T22:40:01.473609,2026-02-19,22:40:01,70.22,29.85,74.65,21.10,74.33,45.10,466,Bhiwadi,India,28.2081,76.8626
2026-02-19T22:40:02.602899,2026-02-19,22:40:02,147.47,30.06,69.27,37.28,41.85,76.20,478,,,,
2026-02-19T22:40:03.485359,2026-02-19,22:40:03,55.30,23.19,75.81,19.72,59.18,36.77,460,Bhiwadi,India,28.2081,76.8626
2026-02-19T22:40:04.661993,2026-02-19,22:40:04,58.01,24.80,62.16,42.26,78.12,71.39,451,,,,
2026-02-19T22:40:05.490401,2026-02-19,22:40:05,153.08,26.94,61.82,45.28,56.88,36.38,287,Bhiwadi,India,28.2081,76.8626
2026-02-19T22:40:06.755876,2026-02-19,22:40:06,107.09,21.10,61.30,19.35,63.22,60.08,333,,,,
2026-02-19T22:40:07.502211,2026-02-19,22:40:07,117.85,32.08,67.98,10.30,66.48,55.28,493,Bhiwadi,India,28.2081,76.8626
2026-02-19T22:40:08.833017,2026-02-19,22:40:08,134.15,24.25,72.96,29.02,29.43,49.04,281,,,,
2026-02-19T22:40:09.516341,2026-02-19,22:40:09,114.17,34.91,74.24,28.43,42.52,53.79,353,Bhiwadi,India,28.2081,76.8626
2026-02-19T22:40:10.909520,2026-02-19,22:40:10,121.45,33.10,75.30,42.16,36.82,41.80,486,,,,
2026-02-19T22:40:11.530220,2026-02-19,22:40:11,68.14,31.79,64.29,29.87,41.85,77.32,173,Bhiwadi,India,28.2081,76.8626
2026-02-19T22:40:13.012902,2026-02-19,22:40:13,165.62,22.77,62.53,30.28,52.46,67.66,346,,,,
2026-02-19T22:40:13.548759,2026-02-19,22:40:13,67.40,28.31,44.23,38.62,41.00,33.60,195,Bhiwadi,India,28.2081,76.8626
2026-02-19T22:40:15.105856,2026-02-19,22:40:15,152.47,33.15,61.94,36.89,66.76,46.98,389,,,,
2026-02-19T22:40:15.567300,2026-02-19,22:40:15,198.85,30.24,64.24,32.69,26.72,41.89,450,Bhiwadi,India,28.2081,76.8626
2026-02-19T22:40:17.260745,2026-02-19,22:40:17,153.98,33.81,49.06,36.14,75.79,74.18,392,,,,
2026-02-19T22:40:17.586636,2026-02-19,22:40:17,119.02,33.44,41.93,22.77,24.28,71.80,151,Bhiwadi,India,28.2081,76.8626
2026-02-19T22:40:19.387208,2026-02-19,22:40:19,163.60,34.74,62.89,32.82,67.17,54.80,118,,,,
2026-02-19T22:40:19.604167,2026-02-19,22:40:19,143.52,27.20,79.97,45.94,29.04,71.82,112,Bhiwadi,India,28.2081,76.8626
2026-02-19T22:40:21.531281,2026-02-19,22:40:21,51.24,27.48,64.97,32.00,65.16,45.12,327,,,,
2026-02-19T22:40:21.622871,2026-02-19,22:40:21,62.56,24.44,63.42,33.56,31.94,67.15,343,Bhiwadi,India,28.2081,76.8626
2026-02-19T22:40:23.639901,2026-02-19,22:40:23,72.10,29.01,58.02,24.40,49.57,58.73,430,Bhiwadi,India,28.2081,76.8626
2026-02-19T22:40:23.700466,2026-02-19,22:40:23,178.26,25.30,77.35,31.09,24.63,32.13,418,,,,
2026-02-19T22:40:25.655386,2026-02-19,22:40:25,129.98,22.01,46.93,45.29,35.13,35.43,274,Bhiwadi,India,28.2081,76.8626
2026-02-19T22:40:25.958819,2026-02-19,22:40:25,199.29,20.47,67.54,16.41,47.68,31.75,370,,,,
2026-02-19T22:40:27.674425,2026-02-19,22:40:27,57.97,33.67,60.14,14.87,57.35,61.14,415,Bhiwadi,India,28.2081,76.8626
2026-02-19T22:40:28.126375,2026-02-19,22:40:28,84.84,31.98,58.35,41.13,62.02,71.65,450,,,,
2026-02-19T22:40:29.691926,2026-02-19,22:40:29,178.63,20.16,74.30,42.59,58.49,63.07,179,Bhiwadi,India,28.2081,76.8626
2026-02-19T22:40:30.241963,2026-02-19,22:40:30,133.21,23.81,62.91,40.29,21.41,55.03,243,,,,
2026-02-19T22:40:31.709229,2026-02-19,22:40:31,97.23,28.03,42.36,10.93,32.82,47.94,482,Bhiwadi,India,28.2081,76.8626
2026-02-19T22:40:32.337058,2026-02-19,22:40:32,188.37,27.89,69.76,39.40,40.86,55.02,267,,,,
2026-02-19T22:40:33.726650,2026-02-19,22:40:33,76.50,29.54,71.81,18.88,73.11,77.35,137,Bhiwadi,India,28.2081,76.8626
2026-02-19T22:40:34.462200,2026-02-19,22:40:34,88.95,26.22,50.78,42.11,24.35,55.04,461,,,,
2026-02-19T22:40:35.746802,2026-02-19,22:40:35,160.16,24.19,65.13,22.84,66.35,69.62,151,Bhiwadi,India,28.2081,76.8626
2026-02-19T22:40:36.543129,2026-02-19,22:40:36,158.98,24.66,75.09,13.10,47.08,62.72,213,,,,
2026-02-19T22:40:37.766508,2026-02-19,22:40:37,137.28,31.02,46.11,10.05,39.03,71.13,455,Bhiwadi,India,28.2081,76.8626
2026-02-19T22:40:38.635500,2026-02-19,22:40:38,65.08,25.48,56.66,31.12,41.03,49.89,400,,,,
2026-02-19T22:40:39.786628,2026-02-19,22:40:39,62.48,26.38,77.29,13.23,76.83,70.72,248,Bhiwadi,India,28.2081,76.8626
2026-02-19T22:40:40.794766,2026-02-19,22:40:40,125.74,25.59,51.61,23.80,33.94,58.34,342,,,,
2026-02-19T22:40:41.805922,2026-02-19,22:40:41,102.15,28.49,50.83,27.80,50.64,37.45,433,Bhiwadi,India,28.2081,76.8626
2026-02-19T22:40:42.885324,2026-02-19,22:40:42,103.27,26.63,71.59,26.01,66.01,51.88,447,,,,
2026-02-19T22:40:43.826670,2026-02-19,22:40:43,65.26,20.20,57.50,37.02,62.14,79.99,194,Bhiwadi,India,28.2081,76.8626
2026-02-19T22:40:44.969514,2026-02-19,22:40:44,195.55,22.20,41.01,16.36,56.81,46.22,184,,,,
2026-02-19T22:40:45.845403,2026-02-19,22:40:45,90.44,34.03,67.19,29.63,34.03,79.89,388,Bhiwadi,India,28.2081,76.8626
2026-02-19T22:40:47.094313,2026-02-19,22:40:47,123.36,21.25,79.18,20.49,39.43,51.59,445,,,,
2026-02-19T22:40:47.866495,2026-02-19,22:40:47,194.29,24.03,65.28,32.37,56.91,54.62,151,Bhiwadi,India,28.2081,76.8626
2026-02-19T22:40:49.242326,2026-02-19,22:40:49,132.32,29.65,50.47,19.78,42.40,42.31,120,,,,
2026-02-19T22:40:49.887396,2026-02-19,22:40:49,56.13,25.73,75.32,25.24,71.99,74.28,159,Bhiwadi,India,28.2081,76.8626
2026-02-19T22:40:51.365870,2026-02-19,22:40:51,117.08,22.56,58.88,35.34,66.75,55.64,328,,,,
2026-02-19T22:40:51.907934,2026-02-19,22:40:51,104.48,33.33,78.19,41.42,65.72,37.54,343,Bhiwadi,India,28.2081,76.8626
2026-02-19T22:40:53.439437,2026-02-19,22:40:53,82.38,32.18,57.47,40.11,25.25,76.73,485,,,,
2026-02-19T22:40:53.928770,2026-02-19,22:40:53,189.34,23.79,66.83,37.81,30.38,47.40,283,Bhiwadi,India,28.2081,76.8626
2026-02-19T22:40:55.522616,2026-02-19,22:40:55,151.00,24.77,54.39,45.14,44.65,37.94,402,,,,
2026-02-19T22:40:55.942378,2026-02-19,22:40:55,108.61,34.65,79.22,24.33,30.43,56.46,382,Bhiwadi,India,28.2081,76.8626
2026-02-19T22:40:57.606263,2026-02-19,22:40:57,93.15,32.60,65.70,39.85,46.63,60.90,439,,,,
2026-02-19T22:40:57.953828,2026-02-19,22:40:57,64.02,30.59,47.68,14.54,25.60,78.54,481,Bhiwadi,India,28.2081,76.8626
2026-02-19T22:40:59.688930,2026-02-19,22:40:59,142.99,31.92,43.83,24.84,54.23,53.48,478,,,,
2026-02-19T22:40:59.967920,2026-02-19,22:40:59,61.57,30.22,60.02,45.47,45.69,45.76,361,Bhiwadi,India,28.2081,76.8626
2026-02-19T22:41:01.810435,2026-02-19,22:41:01,179.73,26.22,63.54,48.14,53.13,61.38,426,,,,
2026-02-19T22:41:01.989045,2026-02-19,22:41:01,136.89,21.26,76.68,49.51,76.14,75.94,436,Bhiwadi,India,28.2081,76.8626
2026-02-19T22:41:03.892654,2026-02-19,22:41:03,134.95,33.03,70.81,22.09,76.40,66.77,379,,,,
2026-02-19T22:41:04.009079,2026-02-19,22:41:04,108.28,26.30,75.91,10.44,24.47,57.78,462,Bhiwadi,India,28.2081,76.8626
2026-02-19T22:41:05.982329,2026-02-19,22:41:05,194.63,32.08,77.13,29.45,36.50,38.34,162,,,,
2026-02-19T22:41:06.028634,2026-02-19,22:41:06,151.89,20.54,49.30,11.47,77.36,68.70,160,Bhiwadi,India,28.2081,76.8626
2026-02-19T22:41:08.042797,2026-02-19,22:41:08,115.34,31.55,41.18,25.95,48.33,42.17,256,Bhiwadi,India,28.2081,76.8626
2026-02-19T22:41:08.065250,2026-02-19,22:41:08,136.09,22.74,75.05,22.97,29.70,32.33,337,,,,
2026-02-19T22:41:10.059989,2026-02-19,22:41:10,144.96,27.57,46.56,24.92,44.56,76.99,466,Bhiwadi,India,28.2081,76.8626
2026-02-19T22:41:10.142838,2026-02-19,22:41:10,150.13,28.71,58.57,32.49,34.67,79.16,320,,,,
2026-02-19T22:41:12.081569,2026-02-19,22:41:12,129.72,27.67,70.56,18.98,35.33,72.21,433,Bhiwadi,India,28.2081,76.8626
2026-02-19T22:41:12.236136,2026-02-19,22:41:12,105.25,24.85,50.57,47.54,39.51,44.57,177,,,,
2026-02-19T22:41:14.102603,2026-02-19,22:41:14,149.39,26.56,77.38,19.47,58.34,40.87,102,Bhiwadi,India,28.2081,76.8626
2026-02-19T22:41:14.326496,2026-02-19,22:41:14,170.09,29.39,54.16,24.83,30.79,56.34,470,,,,
2026-02-19T22:41:16.125053,2026-02-19,22:41:16,188.34,23.73,53.68,33.15,21.01,54.02,113,Bhiwadi,India,28.2081,76.8626
2026-02-19T22:41:16.409741,2026-02-19,22:41:16,78.55,27.14,48.87,26.14,54.42,50.02,404,,,,
2026-02-19T22:41:18.144509,2026-02-19,22:41:18,95.36,28.68,46.98,41.80,54.86,56.74,488,Bhiwadi,India,28.2081,76.8626
2026-02-19T22:41:18.489416,2026-02-19,22:41:18,127.65,32.85,53.47,27.61,34.14,61.17,300,,,,
2026-02-19T22:41:20.161693,2026-02-19,22:41:20,128.79,26.91,79.97,47.95,45.87,37.81,351,Bhiwadi,India,28.2081,76.8626
2026-02-19T22:41:20.563539,2026-02-19,22:41:20,98.14,34.16,69.38,39.86,54.30,38.86,275,,,,
2026-02-19T22:41:22.178934,2026-02-19,22:41:22,121.47,28.02,44.66,13.69,55.23,74.13,314,Bhiwadi,India,28.2081,76.8626
2026-02-19T22:41:22.654314,2026-02-19,22:41:22,185.56,24.80,56.22,19.43,59.38,51.38,407,,,,
2026-02-19T22:41:24.198212,2026-02-19,22:41:24,196.80,31.50,66.61,43.82,45.60,35.39,342,Bhiwadi,India,28.2081,76.8626
2026-02-19T22:41:24.760515,2026-02-19,22:41:24,59.51,28.78,76.45,38.08,41.01,52.15,113,,,,
2026-02-19T22:41:26.217636,2026-02-19,22:41:26,173.92,27.38,71.15,29.89,34.61,39.87,395,Bhiwadi,India,28.2081,76.8626
2026-02-19T22:41:26.908983,2026-02-19,22:41:26,133.55,23.39,69.69,31.20,70.90,76.86,341,,,,
2026-02-19T22:41:28.231498,2026-02-19,22:41:28,107.15,28.49,57.53,41.08,79.13,49.34,487,Bhiwadi,India,28.2081,76.8626
2026-02-19T22:41:29.006271,2026-02-19,22:41:29,68.37,24.38,59.61,37.09,59.65,76.83,467,,,,
2026-02-19T22:41:30.248888,2026-02-19,22:41:30,57.07,22.80,71.54,12.90,73.85,42.75,143,Bhiwadi,India,28.2081,76.8626
2026-02-19T22:41:31.099617,2026-02-19,22:41:31,176.49,32.53,78.77,14.30,65.34,30.14,181,,,,
2026-02-19T22:41:32.260632,2026-02-19,22:41:32,187.77,28.73,45.84,16.26,31.30,49.83,343,Bhiwadi,India,28.2081,76.8626
2026-02-19T22:41:33.185830,2026-02-19,22:41:33,90.33,34.65,77.21,14.93,36.35,69.63,443,,,,
2026-02-19T22:41:34.275338,2026-02-19,22:41:34,190.57,28.96,53.89,45.62,33.55,51.25,320,Bhiwadi,India,28.2081,76.8626
2026-02-19T22:41:35.288475,2026-02-19,22:41:35,190.72,20.05,76.24,14.15,49.36,70.90,203,,,,
2026-02-19T22:41:36.296476,2026-02-19,22:41:36,63.15,25.43,64.03,49.05,32.82,41.86,372,Bhiwadi,India,28.2081,76.8626
2026-02-19T22:41:37.377187,2026-02-19,22:41:37,76.94,26.92,53.58,10.42,64.43,79.75,464,,,,
2026-02-19T22:41:38.316475,2026-02-19,22:41:38,67.63,20.28,74.11,13.62,47.85,56.37,106,Bhiwadi,India,28.2081,76.8626
2026-02-19T22:41:39.464858,2026-02-19,22:41:39,118.76,32.54,55.00,32.84,28.91,39.81,434,,,,
2026-02-19T22:41:40.337526,2026-02-19,22:41:40,108.89,23.87,45.33,41.36,21.22,61.61,330,Bhiwadi,India,28.2081,76.8626
2026-02-19T22:41:41.543962,2026-02-19,22:41:41,91.69,31.64,58.64,10.88,67.86,67.59,202,,,,
2026-02-19T22:41:42.359634,2026-02-19,22:41:42,124.50,32.61,65.89,10.87,61.50,71.99,283,Bhiwadi,India,28.2081,76.8626
2026-02-19T22:41:43.652560,2026-02-19,22:41:43,170.45,21.85,77.01,30.25,40.74,67.14,476,,,,
2026-02-19T22:41:44.375204,2026-02-19,22:41:44,134.23,28.51,48.06,32.33,25.31,67.31,188,Bhiwadi,India,28.2081,76.8626
2026-02-19T22:41:45.777285,2026-02-19,22:41:45,112.85,20.56,68.06,43.01,65.67,79.65,193,,,,
2026-02-19T22:41:46.388785,2026-02-19,22:41:46,62.33,32.91,56.31,25.67,22.53,62.69,283,Bhiwadi,India,28.2081,76.8626
2026-02-19T22:41:47.886782,2026-02-19,22:41:47,184.98,23.00,74.06,41.60,63.58,51.56,386,,,,
2026-02-19T22:41:48.408410,2026-02-19,22:41:48,126.88,28.37,45.60,35.29,79.91,41.70,367,Bhiwadi,India,28.2081,76.8626
2026-02-19T22:41:49.974922,2026-02-19,22:41:49,58.62,28.03,75.07,33.55,65.05,30.44,422,,,,
2026-02-19T22:41:50.426403,2026-02-19,22:41:50,106.39,23.25,58.10,24.82,46.52,52.28,235,Bhiwadi,India,28.2081,76.8626
2026-02-19T22:41:52.056511,2026-02-19,22:41:52,161.60,31.77,55.71,15.36,74.69,37.22,417,,,,
2026-02-19T22:41:52.444245,2026-02-19,22:41:52,156.94,33.58,78.57,17.94,22.77,57.39,332,Bhiwadi,India,28.2081,76.8626
2026-02-19T22:41:54.128588,2026-02-19,22:41:54,121.99,24.37,59.44,45.83,20.48,48.10,226,,,,
2026-02-19T22:41:54.460690,2026-02-19,22:41:54,109.32,28.33,54.40,26.93,45.33,63.15,175,Bhiwadi,India,28.2081,76.8626
2026-02-19T22:41:56.206084,2026-02-19,22:41:56,130.58,22.75,76.06,49.19,64.34,56.82,438,,,,
2026-02-19T22:41:56.475199,2026-02-19,22:41:56,131.31,33.35,63.57,42.31,61.94,47.60,397,Bhiwadi,India,28.2081,76.8626
2026-02-19T22:41:58.289951,2026-02-19,22:41:58,157.78,29.04,78.52,47.23,29.74,58.89,267,,,,
2026-02-19T22:41:58.491853,2026-02-19,22:41:58,185.31,24.95,44.39,17.48,40.14,61.25,281,Bhiwadi,India,28.2081,76.8626
2026-02-19T22:42:00.375065,2026-02-19,22:42:00,141.00,22.09,41.28,28.22,46.38,76.22,384,,,,
2026-02-19T22:42:00.509691,2026-02-19,22:42:00,177.49,28.61,67.65,30.44,34.01,69.67,153,Bhiwadi,India,28.2081,76.8626
2026-02-19T22:42:02.450970,2026-02-19,22:42:02,93.67,23.61,55.43,10.69,48.88,35.72,104,,,,
2026-02-19T22:42:02.533940,2026-02-19,22:42:02,127.13,31.64,40.47,37.44,32.25,65.70,260,Bhiwadi,India,28.2081,76.8626
2026-02-19T22:42:04.512237,2026-02-19,22:42:04,196.52,34.46,78.96,39.06,65.86,50.36,401,,,,
2026-02-19T22:42:04.553899,2026-02-19,22:42:04,94.89,27.94,77.84,23.55,53.07,48.61,360,Bhiwadi,India,28.2081,76.8626
2026-02-19T22:42:06.566396,2026-02-19,22:42:06,97.61,29.60,42.85,38.15,66.96,34.87,362,Bhiwadi,India,28.2081,76.8626
2026-02-19T22:42:06.607167,2026-02-19,22:42:06,106.83,20.49,58.19,47.89,23.86,48.36,357,,,,
2026-02-19T22:42:08.581635,2026-02-19,22:42:08,145.46,26.10,42.83,16.13,23.26,69.57,498,Bhiwadi,India,28.2081,76.8626
2026-02-19T22:42:08.676880,2026-02-19,22:42:08,175.07,22.46,41.72,32.85,35.39,43.75,437,,,,
2026-02-19T22:42:10.597328,2026-02-19,22:42:10,189.80,23.67,79.58,43.52,44.74,68.52,125,Bhiwadi,India,28.2081,76.8626
2026-02-19T22:42:10.742601,2026-02-19,22:42:10,157.38,34.55,68.63,10.91,56.09,43.33,329,,,,
2026-02-19T22:42:12.614814,2026-02-19,22:42:12,74.71,27.70,51.96,26.30,69.06,48.09,268,Bhiwadi,India,28.2081,76.8626
2026-02-19T22:42:12.818922,2026-02-19,22:42:12,98.33,33.28,41.92,48.31,50.38,36.45,410,,,,
2026-02-19T22:42:14.632228,2026-02-19,22:42:14,57.98,34.00,58.55,48.29,52.70,66.83,129,Bhiwadi,India,28.2081,76.8626
2026-02-19T22:42:15.108335,2026-02-19,22:42:15,84.22,29.65,58.24,43.67,66.01,38.39,362,,,,
2026-02-19T22:42:16.649458,2026-02-19,22:42:16,122.33,20.71,51.75,44.39,30.28,43.81,139,Bhiwadi,India,28.2081,76.8626
2026-02-19T22:42:17.166856,2026-02-19,22:42:17,68.14,28.76,60.52,39.52,71.38,53.16,185,,,,
2026-02-19T22:42:18.662797,2026-02-19,22:42:18,64.72,20.11,65.87,21.01,63.22,33.09,301,Bhiwadi,India,28.2081,76.8626
2026-02-19T22:42:19.256428,2026-02-19,22:42:19,148.01,29.53,40.77,48.96,42.95,67.92,201,,,,
2026-02-19T22:42:20.682433,2026-02-19,22:42:20,189.53,28.84,69.36,39.97,34.27,75.71,444,Bhiwadi,India,28.2081,76.8626
2026-02-19T22:42:21.338572,2026-02-19,22:42:21,72.27,33.88,78.11,42.99,61.49,39.10,417,,,,
2026-02-19T22:42:22.703195,2026-02-19,22:42:22,78.38,30.59,68.20,27.63,73.91,45.80,185,Bhiwadi,India,28.2081,76.8626
2026-02-19T22:42:23.419617,2026-02-19,22:42:23,76.75,31.15,57.59,49.19,58.91,64.52,144,,,,
2026-02-19T22:42:24.727611,2026-02-19,22:42:24,186.05,27.68,68.40,38.52,52.02,31.37,241,Bhiwadi,India,28.2081,76.8626
2026-02-19T22:42:25.509270,2026-02-19,22:42:25,160.93,23.46,60.59,19.00,36.51,75.76,208,,,,
2026-02-19T22:42:26.748609,2026-02-19,22:42:26,168.22,31.22,44.74,42.43,29.37,67.63,148,Bhiwadi,India,28.2081,76.8626
2026-02-19T22:42:27.603549,2026-02-19,22:42:27,167.58,23.14,59.35,44.40,49.04,34.82,352,,,,
2026-02-19T22:42:28.773670,2026-02-19,22:42:28,176.08,30.00,70.81,10.11,60.11,48.11,306,Bhiwadi,India,28.2081,76.8626
2026-02-19T22:42:29.680340,2026-02-19,22:42:29,146.72,22.32,62.33,37.72,65.04,50.59,298,,,,
2026-02-19T22:42:30.795685,2026-02-19,22:42:30,197.83,33.99,70.66,36.18,64.80,36.43,244,Bhiwadi,India,28.2081,76.8626
2026-02-19T22:42:31.801263,2026-02-19,22:42:31,141.59,25.53,40.04,28.55,36.32,69.00,229,,,,
2026-02-19T22:42:32.810182,2026-02-19,22:42:32,174.75,22.71,49.04,23.37,41.25,49.75,255,Bhiwadi,India,28.2081,76.8626
2026-02-19T22:42:33.881631,2026-02-19,22:42:33,188.35,30.50,51.92,30.77,20.38,58.52,313,,,,
2026-02-19T22:42:34.835439,2026-02-19,22:42:34,184.14,22.59,44.46,35.58,30.57,42.06,122,Bhiwadi,India,28.2081,76.8626
2026-02-19T22:42:35.961434,2026-02-19,22:42:35,168.98,30.79,61.63,32.95,40.04,42.62,205,,,,
2026-02-19T22:42:36.859919,2026-02-19,22:42:36,58.11,33.44,52.12,15.23,74.31,60.33,489,Bhiwadi,India,28.2081,76.8626
2026-02-19T22:42:38.040467,2026-02-19,22:42:38,142.93,24.27,41.34,40.19,49.31,42.14,133,,,,
2026-02-19T22:42:38.879585,2026-02-19,22:42:38,193.85,31.92,50.36,31.84,22.03,58.71,114,Bhiwadi,India,28.2081,76.8626
2026-02-19T22:42:40.545423,2026-02-19,22:42:40,172.54,32.64,55.12,14.23,32.32,74.51,465,,,,
2026-02-19T22:42:40.906321,2026-02-19,22:42:40,147.94,29.71,43.60,13.76,22.81,38.92,302,Bhiwadi,India,28.2081,76.8626
2026-02-19T22:42:42.642745,2026-02-19,22:42:42,146.26,33.82,73.18,12.84,47.05,69.90,396,,,,
2026-02-19T22:42:42.933352,2026-02-19,22:42:42,75.30,25.64,59.62,30.09,69.37,39.43,246,Bhiwadi,India,28.2081,76.8626
2026-02-19T22:42:44.724936,2026-02-19,22:42:44,172.91,24.76,44.20,35.37,31.60,74.96,112,,,,
2026-02-19T22:42:44.959891,2026-02-19,22:42:44,80.60,29.52,46.75,38.22,63.63,32.62,206,Bhiwadi,India,28.2081,76.8626
2026-02-19T22:42:46.825461,2026-02-19,22:42:46,69.69,26.05,63.12,27.04,69.30,76.42,135,,,,
2026-02-19T22:42:46.985973,2026-02-19,22:42:46,145.11,28.21,47.15,39.96,25.36,53.63,421,Bhiwadi,India,28.2081,76.8626
2026-02-19T22:42:48.928732,2026-02-19,22:42:48,191.46,22.50,43.88,40.91,72.89,65.17,382,,,,
2026-02-19T22:42:49.011782,2026-02-19,22:42:49,100.98,23.86,70.04,15.17,45.15,60.19,304,Bhiwadi,India,28.2081,76.8626
2026-02-19T22:42:50.995421,2026-02-19,22:42:50,147.84,27.56,41.88,23.85,62.25,59.88,396,,,,
2026-02-19T22:42:51.031329,2026-02-19,22:42:51,128.88,33.82,79.28,31.29,61.73,38.77,196,Bhiwadi,India,28.2081,76.8626
2026-02-19T22:42:53.046828,2026-02-19,22:42:53,166.47,25.12,59.51,45.50,20.98,45.90,458,Bhiwadi,India,28.2081,76.8626
2026-02-19T22:42:53.093478,2026-02-19,22:42:53,127.35,28.83,74.21,25.54,39.60,77.18,279,,,,
2026-02-19T22:42:55.065046,2026-02-19,22:42:55,123.28,26.58,68.34,29.67,28.21,46.65,263,Bhiwadi,India,28.2081,76.8626
2026-02-19T22:42:55.181428,2026-02-19,22:42:55,104.11,23.08,40.67,20.08,35.94,36.94,468,,,,
2026-02-19T22:42:57.076174,2026-02-19,22:42:57,147.33,25.08,42.22,17.72,38.97,59.58,235,Bhiwadi,India,28.2081,76.8626
2026-02-19T22:42:57.273865,2026-02-19,22:42:57,103.65,34.57,44.79,19.40,42.40,51.22,300,,,,
2026-02-19T22:42:59.092393,2026-02-19,22:42:59,95.02,20.77,55.67,33.83,71.44,58.18,166,Bhiwadi,India,28.2081,76.8626
2026-02-19T22:42:59.409003,2026-02-19,22:42:59,183.29,29.25,51.49,32.30,72.41,46.66,451,,,,
2026-02-19T22:43:01.118550,2026-02-19,22:43:01,158.32,33.79,67.18,13.50,42.97,70.04,275,Bhiwadi,India,28.2081,76.8626
2026-02-19T22:43:01.723220,2026-02-19,22:43:01,130.54,23.62,47.67,20.76,63.27,43.50,435,,,,
2026-02-19T22:43:03.146345,2026-02-19,22:43:03,175.61,30.28,48.87,41.84,39.21,78.62,255,Bhiwadi,India,28.2081,76.8626
2026-02-19T22:43:03.868483,2026-02-19,22:43:03,67.60,24.61,62.93,40.29,38.95,58.12,397,,,,
2026-02-19T22:43:05.170967,2026-02-19,22:43:05,193.82,31.30,66.28,17.53,21.27,47.00,206,Bhiwadi,India,28.2081,76.8626
2026-02-19T22:43:05.953219,2026-02-19,22:43:05,149.79,26.84,55.55,25.31,78.71,60.40,464,,,,
2026-02-19T22:43:07.193196,2026-02-19,22:43:07,125.09,26.27,59.68,49.33,59.46,33.00,219,Bhiwadi,India,28.2081,76.8626
2026-02-19T22:43:08.045325,2026-02-19,22:43:08,106.89,31.62,44.62,27.00,67.92,72.02,228,,,,
2026-02-19T22:43:09.217024,2026-02-19,22:43:09,96.52,21.12,70.01,49.63,29.95,74.49,460,Bhiwadi,India,28.2081,76.8626
2026-02-19T22:43:10.135533,2026-02-19,22:43:10,157.97,23.82,63.31,32.72,50.19,38.93,325,,,,
2026-02-19T22:43:11.241850,2026-02-19,22:43:11,65.66,21.33,63.61,23.55,45.94,39.58,281,Bhiwadi,India,28.2081,76.8626
2026-02-19T22:43:12.252117,2026-02-19,22:43:12,188.54,34.46,79.94,41.42,70.70,37.83,425,,,,
2026-02-19T22:43:13.268630,2026-02-19,22:43:13,99.93,25.51,54.09,25.92,73.07,44.01,330,Bhiwadi,India,28.2081,76.8626
2026-02-19T22:43:14.343908,2026-02-19,22:43:14,67.81,20.67,43.02,46.27,65.71,41.64,143,,,,
2026-02-19T22:43:15.296081,2026-02-19,22:43:15,167.75,27.36,60.22,43.19,72.21,71.15,351,Bhiwadi,India,28.2081,76.8626
2026-02-19T22:43:16.565434,2026-02-19,22:43:16,162.71,27.79,71.34,34.74,35.66,53.92,357,,,,
2026-02-19T22:43:17.323989,2026-02-19,22:43:17,186.16,32.42,43.54,22.00,68.49,71.29,112,Bhiwadi,India,28.2081,76.8626
2026-02-19T22:43:18.694781,2026-02-19,22:43:18,118.02,27.67,62.27,38.78,73.62,75.50,303,,,,
2026-02-19T22:43:19.350789,2026-02-19,22:43:19,152.85,30.26,70.01,26.14,29.79,37.76,399,Bhiwadi,India,28.2081,76.8626
2026-02-19T22:43:20.792269,2026-02-19,22:43:20,197.49,34.71,48.69,26.33,29.36,67.59,456,,,,
2026-02-19T22:43:21.378622,2026-02-19,22:43:21,54.86,22.07,70.97,42.03,23.44,38.34,174,Bhiwadi,India,28.2081,76.8626
2026-02-19T22:43:22.889555,2026-02-19,22:43:22,120.72,27.80,55.55,43.64,71.40,70.54,477,,,,
2026-02-19T22:43:23.408108,2026-02-19,22:43:23,188.40,26.43,73.64,36.45,35.10,52.28,448,Bhiwadi,India,28.2081,76.8626
2026-02-19T22:43:25.211462,2026-02-19,22:43:25,99.51,25.16,70.03,28.34,60.19,76.99,244,,,,
2026-02-19T22:43:25.436174,2026-02-19,22:43:25,83.11,28.63,63.32,20.27,75.14,50.81,403,Bhiwadi,India,28.2081,76.8626
2026-02-19T22:43:27.318899,2026-02-19,22:43:27,140.38,20.29,40.65,47.44,67.33,60.35,101,,,,
2026-02-19T22:43:27.466522,2026-02-19,22:43:27,124.00,21.39,79.13,26.45,67.66,72.27,400,Bhiwadi,India,28.2081,76.8626
2026-02-19T22:43:29.405862,2026-02-19,22:43:29,128.01,32.58,55.51,27.94,27.05,59.05,351,,,,
2026-02-19T22:43:29.491896,2026-02-19,22:43:29,67.11,30.94,59.95,41.87,45.53,66.95,107,Bhiwadi,India,28.2081,76.8626
2026-02-19T22:43:31.500386,2026-02-19,22:43:31,102.94,28.62,61.90,30.64,61.87,65.22,370,,,,
2026-02-19T22:43:31.507062,2026-02-19,22:43:31,133.39,31.17,49.83,45.09,71.47,70.11,276,Bhiwadi,India,28.2081,76.8626
2026-02-19T22:43:33.530727,2026-02-19,22:43:33,120.74,33.30,60.00,11.12,63.24,49.78,462,Bhiwadi,India,28.2081,76.8626
2026-02-19T22:43:33.571974,2026-02-19,22:43:33,174.49,20.45,61.24,12.57,22.47,44.91,168,,,,
2026-02-19T22:43:35.549191,2026-02-19,22:43:35,180.60,28.73,54.76,39.28,75.01,59.14,222,Bhiwadi,India,28.2081,76.8626
2026-02-19T22:43:35.644036,2026-02-19,22:43:35,178.45,28.51,73.23,17.53,57.93,61.13,255,,,,
2026-02-19T22:43:37.576254,2026-02-19,22:43:37,73.52,30.14,59.42,40.57,49.03,35.38,465,Bhiwadi,India,28.2081,76.8626
2026-02-19T22:43:37.726900,2026-02-19,22:43:37,126.45,27.39,55.72,41.62,60.68,54.95,316,,,,
2026-02-19T22:43:39.603529,2026-02-19,22:43:39,57.49,24.31,58.44,39.24,62.70,75.04,136,Bhiwadi,India,28.2081,76.8626
2026-02-19T22:43:39.810049,2026-02-19,22:43:39,117.29,31.20,64.05,33.48,22.63,40.00,297,,,,
2026-02-19T22:43:41.626209,2026-02-19,22:43:41,51.10,23.15,68.10,10.39,54.56,39.79,415,Bhiwadi,India,28.2081,76.8626
2026-02-19T22:43:41.936066,2026-02-19,22:43:41,119.95,27.93,53.72,23.11,45.62,63.46,352,,,,
2026-02-19T22:43:43.656947,2026-02-19,22:43:43,137.73,33.90,45.94,35.13,35.34,55.84,470,Bhiwadi,India,28.2081,76.8626
2026-02-19T22:43:44.030571,2026-02-19,22:43:44,56.48,22.79,64.98,46.19,21.05,32.48,176,,,,
2026-02-19T22:43:45.686635,2026-02-19,22:43:45,65.02,20.69,42.19,39.50,76.59,69.70,145,Bhiwadi,India,28.2081,76.8626
2026-02-19T22:43:46.123931,2026-02-19,22:43:46,194.79,27.78,60.44,24.64,59.84,44.91,251,,,,
2026-02-19T22:43:47.717508,2026-02-19,22:43:47,161.70,23.74,46.06,35.47,41.38,64.94,473,Bhiwadi,India,28.2081,76.8626
2026-02-19T22:43:48.218379,2026-02-19,22:43:48,122.66,20.06,60.77,32.89,76.70,63.71,273,,,,
2026-02-19T22:43:49.747900,2026-02-19,22:43:49,133.33,24.25,78.47,29.58,32.42,53.10,384,Bhiwadi,India,28.2081,76.8626
2026-02-19T22:43:50.363937,2026-02-19,22:43:50,155.88,31.43,72.62,44.28,52.95,38.74,176,,,,
2026-02-19T22:43:51.776082,2026-02-19,22:43:51,192.72,30.81,56.12,40.62,21.21,36.94,201,Bhiwadi,India,28.2081,76.8626
2026-02-19T22:43:52.462011,2026-02-19,22:43:52,151.75,26.15,40.97,16.18,72.60,65.28,323,,,,
2026-02-19T22:43:53.804118,2026-02-19,22:43:53,113.86,34.06,69.17,38.14,36.52,74.47,213,Bhiwadi,India,28.2081,76.8626
2026-02-19T22:43:54.536549,2026-02-19,22:43:54,172.69,30.08,62.43,48.04,24.57,53.23,493,,,,
2026-02-19T22:43:55.833652,2026-02-19,22:43:55,91.18,27.10,72.15,28.76,54.22,35.94,384,Bhiwadi,India,28.2081,76.8626
2026-02-19T22:43:56.634035,2026-02-19,22:43:56,56.09,25.02,62.28,28.95,68.93,62.66,207,,,,
2026-02-19T22:43:57.863927,2026-02-19,22:43:57,109.78,30.63,56.59,35.48,58.13,37.42,227,Bhiwadi,India,28.2081,76.8626
2026-02-19T22:43:58.728627,2026-02-19,22:43:58,134.73,30.63,74.05,20.02,76.34,34.43,347,,,,
2026-02-19T22:43:59.892570,2026-02-19,22:43:59,171.62,28.67,74.69,41.62,41.27,35.78,365,Bhiwadi,India,28.2081,76.8626
2026-02-19T22:44:00.815921,2026-02-19,22:44:00,116.05,22.52,61.84,30.45,54.98,75.53,384,,,,
2026-02-19T22:44:01.917453,2026-02-19,22:44:01,147.36,20.29,76.94,14.84,49.49,64.03,137,Bhiwadi,India,28.2081,76.8626
2026-02-19T22:44:02.908035,2026-02-19,22:44:02,156.62,21.66,61.60,21.23,64.28,60.32,262,,,,
2026-02-19T22:44:03.947562,2026-02-19,22:44:03,186.63,21.00,75.45,17.50,61.73,35.27,250,Bhiwadi,India,28.2081,76.8626
2026-02-19T22:44:04.989473,2026-02-19,22:44:04,125.01,24.04,43.20,10.74,35.41,69.71,101,,,,
2026-02-19T22:44:05.974593,2026-02-19,22:44:05,104.21,28.82,65.72,40.45,43.47,74.44,418,Bhiwadi,India,28.2081,76.8626
2026-02-19T22:44:07.079733,2026-02-19,22:44:07,78.16,28.60,58.39,12.06,23.64,48.97,414,,,,
2026-02-19T22:44:07.986767,2026-02-19,22:44:07,195.93,20.62,50.00,30.14,74.92,30.44,353,Bhiwadi,India,28.2081,76.8626
2026-02-19T22:44:09.144205,2026-02-19,22:44:09,52.16,21.12,51.56,49.65,50.75,65.34,123,,,,
2026-02-19T22:44:10.002548,2026-02-19,22:44:10,58.69,25.07,77.55,40.53,37.16,68.73,168,Bhiwadi,India,28.2081,76.8626
2026-02-19T22:44:11.230644,2026-02-19,22:44:11,191.95,28.63,51.93,20.93,27.04,32.13,362,,,,
2026-02-19T22:44:12.032174,2026-02-19,22:44:12,134.56,24.30,55.71,11.43,54.49,64.61,172,Bhiwadi,India,28.2081,76.8626
2026-02-19T22:44:13.323411,2026-02-19,22:44:13,50.74,21.95,68.31,37.74,66.79,58.00,345,,,,
2026-02-19T22:44:14.061888,2026-02-19,22:44:14,146.82,27.30,69.95,34.96,64.38,47.09,122,Bhiwadi,India,28.2081,76.8626
2026-02-19T22:44:15.389457,2026-02-19,22:44:15,135.55,21.60,44.46,11.57,61.84,71.99,386,,,,
2026-02-19T22:44:16.086914,2026-02-19,22:44:16,86.26,34.36,63.37,15.76,62.67,37.59,196,Bhiwadi,India,28.2081,76.8626
2026-02-19T22:44:17.547561,2026-02-19,22:44:17,163.01,21.45,79.17,33.37,37.90,47.05,307,,,,
2026-02-19T22:44:18.100452,2026-02-19,22:44:18,62.01,29.05,59.78,37.91,22.95,68.24,194,Bhiwadi,India,28.2081,76.8626
2026-02-19T22:44:19.606120,2026-02-19,22:44:19,173.25,21.57,56.46,15.21,61.85,41.19,356,,,,
2026-02-19T22:44:20.114700,2026-02-19,22:44:20,50.79,33.02,44.05,12.27,74.23,38.64,438,Bhiwadi,India,28.2081,76.8626
2026-02-19T22:44:21.693573,2026-02-19,22:44:21,185.08,26.74,72.79,18.59,68.57,68.85,293,,,,
2026-02-19T22:44:22.131473,2026-02-19,22:44:22,184.43,29.37,40.94,42.69,65.18,78.29,250,Bhiwadi,India,28.2081,76.8626
2026-02-19T22:44:23.785369,2026-02-19,22:44:23,77.57,24.90,59.16,47.85,63.25,32.98,214,,,,
2026-02-19T22:44:24.161815,2026-02-19,22:44:24,52.43,31.09,57.97,40.68,69.81,41.22,286,Bhiwadi,India,28.2081,76.8626
2026-02-19T22:44:25.902948,2026-02-19,22:44:25,156.60,31.71,72.99,25.63,27.16,57.17,404,,,,
2026-02-19T22:44:26.192330,2026-02-19,22:44:26,139.83,24.02,40.73,45.82,27.43,47.60,493,Bhiwadi,India,28.2081,76.8626
2026-02-19T22:44:28.006601,2026-02-19,22:44:28,135.57,24.14,71.99,35.47,51.27,46.59,358,,,,
2026-02-19T22:44:28.222044,2026-02-19,22:44:28,143.29,20.32,71.76,31.85,55.66,44.30,366,Bhiwadi,India,28.2081,76.8626
2026-02-19T22:44:30.092175,2026-02-19,22:44:30,65.89,24.43,62.72,29.45,64.29,53.21,438,,,,
2026-02-19T22:44:30.251428,2026-02-19,22:44:30,111.47,31.57,64.33,28.95,64.52,63.97,224,Bhiwadi,India,28.2081,76.8626
2026-02-19T22:44:32.173628,2026-02-19,22:44:32,106.14,31.69,48.35,45.02,20.78,79.01,324,,,,
2026-02-19T22:44:32.280449,2026-02-19,22:44:32,93.44,25.77,68.09,17.43,73.43,46.49,225,Bhiwadi,India,28.2081,76.8626
2026-02-19T22:44:34.280970,2026-02-19,22:44:34,104.03,27.48,69.22,25.99,52.49,47.66,444,,,,
2026-02-19T22:44:34.304721,2026-02-19,22:44:34,78.98,32.81,41.49,40.84,30.71,70.45,195,Bhiwadi,India,28.2081,76.8626
2026-02-19T22:44:36.325328,2026-02-19,22:44:36,182.83,23.58,60.46,18.26,72.51,71.68,195,Bhiwadi,India,28.2081,76.8626
2026-02-19T22:44:36.373833,2026-02-19,22:44:36,53.94,23.06,73.91,19.91,54.58,38.22,240,,,,
2026-02-19T22:44:38.352847,2026-02-19,22:44:38,120.11,24.95,44.84,40.18,67.02,57.41,149,Bhiwadi,India,28.2081,76.8626
2026-02-19T22:44:38.462307,2026-02-19,22:44:38,154.54,27.71,52.78,39.21,47.26,42.38,375,,,,
2026-02-19T22:44:40.380442,2026-02-19,22:44:40,107.71,25.12,74.63,28.79,51.38,37.19,307,Bhiwadi,India,28.2081,76.8626
2026-02-19T22:44:40.539010,2026-02-19,22:44:40,60.27,30.30,57.49,43.12,21.08,69.39,213,,,,
2026-02-19T22:44:42.398167,2026-02-19,22:44:42,121.20,27.46,64.64,49.70,56.56,47.39,425,Bhiwadi,India,28.2081,76.8626
2026-02-19T22:44:42.610165,2026-02-19,22:44:42,131.86,25.53,60.23,44.78,38.54,62.28,187,,,,
2026-02-19T22:44:44.418727,2026-02-19,22:44:44,92.67,21.05,77.37,39.61,22.59,60.96,470,Bhiwadi,India,28.2081,76.8626
2026-02-19T22:44:44.684062,2026-02-19,22:44:44,130.05,32.74,71.11,13.91,68.87,57.98,305,,,,
2026-02-19T22:44:46.450262,2026-02-19,22:44:46,68.39,32.91,63.26,28.45,23.12,58.91,204,Bhiwadi,India,28.2081,76.8626
2026-02-19T22:44:46.776890,2026-02-19,22:44:46,66.78,20.40,56.62,16.80,77.06,66.01,301,,,,
2026-02-19T22:44:48.475383,2026-02-19,22:44:48,117.57,20.93,72.15,35.84,76.79,78.67,166,Bhiwadi,India,28.2081,76.8626
2026-02-19T22:44:49.082331,2026-02-19,22:44:49,123.21,22.56,55.52,32.26,57.91,35.32,111,,,,
2026-02-19T22:44:50.508286,2026-02-19,22:44:50,176.70,29.59,71.74,13.72,34.44,53.87,210,Bhiwadi,India,28.2081,76.8626
2026-02-19T22:44:51.181528,2026-02-19,22:44:51,140.87,32.59,72.31,13.06,43.24,41.17,368,,,,
2026-02-19T22:44:52.539429,2026-02-19,22:44:52,104.96,27.24,45.04,22.20,79.72,34.53,347,Bhiwadi,India,28.2081,76.8626
2026-02-19T22:44:53.279969,2026-02-19,22:44:53,162.21,25.53,65.93,49.67,56.72,73.01,374,,,,
2026-02-19T22:44:54.566715,2026-02-19,22:44:54,196.08,24.95,54.00,18.91,50.44,47.57,262,Bhiwadi,India,28.2081,76.8626
2026-02-19T22:44:55.389361,2026-02-19,22:44:55,107.34,26.12,60.58,47.14,37.39,49.39,330,,,,
2026-02-19T22:44:56.586152,2026-02-19,22:44:56,173.21,33.46,40.53,20.23,46.36,43.15,297,Bhiwadi,India,28.2081,76.8626
2026-02-19T22:44:57.493103,2026-02-19,22:44:57,176.92,34.02,66.75,49.67,62.38,75.00,431,,,,
2026-02-19T22:44:58.616315,2026-02-19,22:44:58,175.97,23.54,77.84,13.77,78.12,62.45,224,Bhiwadi,India,28.2081,76.8626
2026-02-19T22:44:59.563227,2026-02-19,22:44:59,102.96,26.91,64.23,20.34,47.50,61.65,482,,,,
2026-02-19T22:45:00.643066,2026-02-19,22:45:00,186.82,24.52,51.37,39.39,61.96,53.42,337,Bhiwadi,India,28.2081,76.8626
2026-02-19T22:45:01.659439,2026-02-19,22:45:01,159.74,21.03,57.10,49.09,20.01,60.00,193,,,,
2026-02-19T22:45:02.673971,2026-02-19,22:45:02,99.16,29.04,73.24,34.11,67.55,43.08,191,Bhiwadi,India,28.2081,76.8626
2026-02-19T22:45:03.749666,2026-02-19,22:45:03,59.20,22.12,43.07,35.69,33.31,64.55,280,,,,
2026-02-19T22:45:04.705188,2026-02-19,22:45:04,60.32,27.30,75.46,33.67,37.85,72.34,368,Bhiwadi,India,28.2081,76.8626
2026-02-19T22:45:05.848991,2026-02-19,22:45:05,151.40,26.75,73.92,25.92,40.54,38.24,103,,,,
2026-02-19T22:45:06.737800,2026-02-19,22:45:06,166.91,26.38,45.21,31.03,31.09,73.34,378,Bhiwadi,India,28.2081,76.8626
2026-02-19T22:45:07.937092,2026-02-19,22:45:07,68.73,22.20,63.28,48.33,37.49,35.93,239,,,,
2026-02-19T22:45:08.766943,2026-02-19,22:45:08,172.29,25.52,73.63,26.34,23.88,75.15,386,Bhiwadi,India,28.2081,76.8626
2026-02-19T22:45:10.026837,2026-02-19,22:45:10,83.95,31.31,64.25,13.58,35.39,79.43,262,,,,
2026-02-19T22:45:10.784878,2026-02-19,22:45:10,67.13,34.44,66.30,25.11,29.68,75.45,407,Bhiwadi,India,28.2081,76.8626
2026-02-19T22:45:12.112698,2026-02-19,22:45:12,103.14,31.16,44.94,38.32,32.26,55.03,467,,,,
2026-02-19T22:45:12.817220,2026-02-19,22:45:12,82.57,25.96,68.03,49.87,64.31,58.49,356,Bhiwadi,India,28.2081,76.8626
2026-02-19T22:45:14.195629,2026-02-19,22:45:14,105.78,30.60,72.40,49.79,47.64,37.40,290,,,,
2026-02-19T22:45:14.847209,2026-02-19,22:45:14,149.01,34.86,56.80,10.58,59.37,41.59,303,Bhiwadi,India,28.2081,76.8626
2026-02-19T22:45:16.276182,2026-02-19,22:45:16,155.09,21.57,52.48,20.46,38.52,78.56,229,,,,
2026-02-19T22:45:16.872222,2026-02-19,22:45:16,65.33,33.35,49.19,31.81,47.76,66.63,487,Bhiwadi,India,28.2081,76.8626
2026-02-19T22:45:18.354304,2026-02-19,22:45:18,187.80,21.48,61.23,29.86,36.93,32.78,233,,,,
2026-02-19T22:45:18.896895,2026-02-19,22:45:18,93.72,22.72,68.46,29.93,24.46,68.57,444,Bhiwadi,India,28.2081,76.8626
2026-02-19T22:45:20.437368,2026-02-19,22:45:20,92.64,20.28,54.64,14.15,28.59,73.97,339,,,,
2026-02-19T22:45:20.915865,2026-02-19,22:45:20,145.71,23.21,67.34,37.32,54.61,71.49,423,Bhiwadi,India,28.2081,76.8626
2026-02-19T22:45:22.522872,2026-02-19,22:45:22,135.61,34.18,49.67,40.81,40.40,36.63,191,,,,
2026-02-19T22:45:22.947754,2026-02-19,22:45:22,84.78,23.67,63.81,47.79,40.30,43.40,209,Bhiwadi,India,28.2081,76.8626
2026-02-19T22:45:24.596686,2026-02-19,22:45:24,133.69,20.47,60.45,44.78,78.62,68.77,329,,,,
2026-02-19T22:45:24.978000,2026-02-19,22:45:24,70.11,32.27,50.83,14.12,22.51,70.64,403,Bhiwadi,India,28.2081,76.8626
2026-02-19T22:45:26.685845,2026-02-19,22:45:26,117.78,27.36,66.54,38.69,29.25,36.05,322,,,,
2026-02-19T22:45:27.004218,2026-02-19,22:45:27,74.89,20.45,46.86,11.73,22.26,55.97,168,Bhiwadi,India,28.2081,76.8626
2026-02-19T22:45:28.780628,2026-02-19,22:45:28,59.99,26.93,71.76,15.49,60.71,53.61,210,,,,
2026-02-19T22:45:29.036529,2026-02-19,22:45:29,80.04,24.10,74.95,39.62,65.43,34.78,203,Bhiwadi,India,28.2081,76.8626
2026-02-19T22:45:30.878297,2026-02-19,22:45:30,149.64,32.81,58.11,39.48,48.59,48.32,365,,,,
2026-02-19T22:45:31.069165,2026-02-19,22:45:31,136.61,23.95,57.46,15.61,65.70,73.20,390,Bhiwadi,India,28.2081,76.8626
2026-02-19T22:45:32.981972,2026-02-19,22:45:32,126.28,32.71,72.24,10.95,76.75,71.60,390,,,,
2026-02-19T22:45:33.095939,2026-02-19,22:45:33,122.86,23.36,63.32,39.29,56.39,63.25,279,Bhiwadi,India,28.2081,76.8626
2026-02-19T22:45:35.063089,2026-02-19,22:45:35,149.49,21.48,62.59,42.05,78.42,49.42,433,,,,
2026-02-19T22:45:35.120342,2026-02-19,22:45:35,117.85,27.42,65.96,43.64,20.52,77.18,396,Bhiwadi,India,28.2081,76.8626
2026-02-19T22:45:37.146157,2026-02-19,22:45:37,143.92,28.82,49.61,28.06,25.40,35.08,319,Bhiwadi,India,28.2081,76.8626
2026-02-19T22:45:37.164095,2026-02-19,22:45:37,139.43,29.86,66.67,16.14,71.86,71.62,113,,,,
2026-02-19T22:45:39.173136,2026-02-19,22:45:39,189.06,25.76,43.06,29.00,71.34,72.58,459,Bhiwadi,India,28.2081,76.8626
2026-02-19T22:45:39.241145,2026-02-19,22:45:39,74.06,31.02,66.75,21.30,77.78,44.58,377,,,,
2026-02-19T22:45:41.206901,2026-02-19,22:45:41,67.12,20.10,79.98,17.13,69.27,79.97,104,Bhiwadi,India,28.2081,76.8626
2026-02-19T22:45:41.332441,2026-02-19,22:45:41,131.50,33.28,76.51,36.29,76.54,34.84,227,,,,
2026-02-19T22:45:43.236688,2026-02-19,22:45:43,153.60,31.50,79.11,27.17,36.44,56.07,406,Bhiwadi,India,28.2081,76.8626
2026-02-19T22:45:43.618873,2026-02-19,22:45:43,111.42,26.14,47.44,45.17,61.27,33.04,449,,,,
2026-02-19T22:45:45.255298,2026-02-19,22:45:45,188.61,24.59,76.36,44.56,50.02,51.33,326,Bhiwadi,India,28.2081,76.8626
2026-02-19T22:45:45.733139,2026-02-19,22:45:45,69.88,31.14,47.87,47.22,61.95,48.98,153,,,,
2026-02-19T22:45:47.289058,2026-02-19,22:45:47,127.68,22.06,74.88,47.78,58.76,36.61,464,Bhiwadi,India,28.2081,76.8626
2026-02-19T22:45:47.840731,2026-02-19,22:45:47,120.94,21.69,76.96,31.77,39.63,45.40,489,,,,
2026-02-19T22:45:49.321906,2026-02-19,22:45:49,156.53,22.49,68.84,28.86,24.96,71.62,471,Bhiwadi,India,28.2081,76.8626
2026-02-19T22:45:49.939360,2026-02-19,22:45:49,196.48,27.80,71.49,11.30,68.46,32.47,309,,,,
2026-02-19T22:45:51.349294,2026-02-19,22:45:51,124.62,34.82,47.92,43.83,20.86,32.89,229,Bhiwadi,India,28.2081,76.8626
2026-02-19T22:45:52.034649,2026-02-19,22:45:52,74.01,27.13,49.71,15.58,52.21,70.18,142,,,,
2026-02-19T22:45:53.383943,2026-02-19,22:45:53,197.03,22.50,67.21,22.08,33.36,46.37,439,Bhiwadi,India,28.2081,76.8626
2026-02-19T22:45:54.136872,2026-02-19,22:45:54,81.47,21.71,59.65,41.22,21.61,46.48,174,,,,
2026-02-19T22:45:55.416846,2026-02-19,22:45:55,58.89,25.31,70.30,37.81,75.86,59.92,383,Bhiwadi,India,28.2081,76.8626
2026-02-19T22:45:56.207221,2026-02-19,22:45:56,104.01,25.36,41.16,25.65,57.29,63.75,468,,,,
2026-02-19T22:45:57.448350,2026-02-19,22:45:57,107.64,20.62,41.51,49.88,29.78,65.73,176,Bhiwadi,India,28.2081,76.8626
2026-02-19T22:45:58.351989,2026-02-19,22:45:58,158.04,34.55,52.11,31.16,73.03,73.80,380,,,,
2026-02-19T22:45:59.475390,2026-02-19,22:45:59,93.38,33.10,64.13,45.28,48.71,74.07,271,Bhiwadi,India,28.2081,76.8626
2026-02-19T22:46:00.455963,2026-02-19,22:46:00,79.31,27.29,43.48,38.55,73.21,49.86,308,,,,
2026-02-19T22:46:01.507378,2026-02-19,22:46:01,197.30,20.73,47.24,34.31,58.96,42.23,472,Bhiwadi,India,28.2081,76.8626
2026-02-19T22:46:02.530887,2026-02-19,22:46:02,116.93,26.33,60.46,14.89,67.82,72.91,123,,,,
2026-02-19T22:46:03.539525,2026-02-19,22:46:03,156.25,33.55,72.88,34.82,62.32,64.32,156,Bhiwadi,India,28.2081,76.8626
2026-02-19T22:46:04.601794,2026-02-19,22:46:04,174.23,32.69,54.65,11.61,36.59,55.78,226,,,,
2026-02-19T22:46:05.563451,2026-02-19,22:46:05,98.08,32.91,66.53,45.40,29.84,59.24,324,Bhiwadi,India,28.2081,76.8626
2026-02-19T22:46:06.689043,2026-02-19,22:46:06,156.53,20.46,70.62,20.58,79.17,56.64,222,,,,
2026-02-19T22:46:07.593097,2026-02-19,22:46:07,192.40,33.95,66.01,37.52,43.17,66.46,448,Bhiwadi,India,28.2081,76.8626
2026-02-19T22:46:08.774073,2026-02-19,22:46:08,171.93,28.45,66.91,36.53,53.83,79.22,246,,,,
2026-02-19T22:46:09.619797,2026-02-19,22:46:09,115.90,30.78,56.43,37.70,62.79,64.80,239,Bhiwadi,India,28.2081,76.8626
2026-02-19T22:46:10.867572,2026-02-19,22:46:10,172.48,25.02,50.28,25.05,68.83,37.35,416,,,,
2026-02-19T22:46:11.639872,2026-02-19,22:46:11,73.14,31.39,59.98,43.56,61.18,48.92,415,Bhiwadi,India,28.2081,76.8626
2026-02-19T22:46:12.956723,2026-02-19,22:46:12,140.57,32.14,79.14,16.13,62.32,79.04,230,,,,
2026-02-19T22:46:13.669828,2026-02-19,22:46:13,109.14,27.80,47.53,44.72,53.31,66.38,294,Bhiwadi,India,28.2081,76.8626
2026-02-19T22:46:15.047462,2026-02-19,22:46:15,53.56,28.40,61.78,19.24,31.15,56.99,397,,,,
2026-02-19T22:46:15.691594,2026-02-19,22:46:15,139.70,25.52,69.36,41.83,20.23,52.45,419,Bhiwadi,India,28.2081,76.8626
2026-02-19T22:46:17.179207,2026-02-19,22:46:17,108.73,31.83,51.53,27.65,69.86,40.88,484,,,,
2026-02-19T22:46:17.724934,2026-02-19,22:46:17,66.98,26.00,62.76,13.26,23.82,59.64,305,Bhiwadi,India,28.2081,76.8626
2026-02-19T22:46:19.278406,2026-02-19,22:46:19,107.24,34.97,76.04,29.86,50.80,35.75,322,,,,
2026-02-19T22:46:19.758150,2026-02-19,22:46:19,110.29,28.45,56.27,21.51,51.95,64.87,368,Bhiwadi,India,28.2081,76.8626
2026-02-19T22:46:21.379997,2026-02-19,22:46:21,116.88,33.78,40.74,13.01,46.14,60.52,331,,,,
2026-02-19T22:46:21.788114,2026-02-19,22:46:21,123.17,33.29,58.53,20.27,25.53,56.86,384,Bhiwadi,India,28.2081,76.8626
2026-02-19T22:46:23.497830,2026-02-19,22:46:23,85.84,24.45,41.97,43.72,66.92,32.29,122,,,,
2026-02-19T22:46:23.821872,2026-02-19,22:46:23,135.14,28.16,55.51,48.69,30.54,45.06,450,Bhiwadi,India,28.2081,76.8626
2026-02-19T22:46:25.565692,2026-02-19,22:46:25,59.89,29.40,53.77,26.08,26.91,34.22,274,,,,
2026-02-19T22:46:25.848929,2026-02-19,22:46:25,150.78,34.33,52.03,20.72,36.82,79.99,272,Bhiwadi,India,28.2081,76.8626
2026-02-19T22:46:27.653741,2026-02-19,22:46:27,174.32,32.11,74.96,18.26,61.94,57.85,152,,,,
2026-02-19T22:46:27.869738,2026-02-19,22:46:27,83.79,28.04,69.63,49.20,53.45,31.13,405,Bhiwadi,India,28.2081,76.8626
2026-02-19T22:46:29.733744,2026-02-19,22:46:29,67.45,34.15,46.82,47.08,33.75,60.25,102,,,,
2026-02-19T22:46:29.903383,2026-02-19,22:46:29,86.18,21.90,55.36,13.80,35.76,76.88,101,Bhiwadi,India,28.2081,76.8626
2026-02-19T22:46:31.797082,2026-02-19,22:46:31,145.32,26.63,55.71,23.99,38.65,78.02,344,,,,
2026-02-19T22:46:31.926907,2026-02-19,22:46:31,56.59,20.55,64.95,35.78,25.65,67.46,286,Bhiwadi,India,28.2081,76.8626
2026-02-19T22:46:33.880045,2026-02-19,22:46:33,199.47,23.39,62.17,25.25,51.86,66.15,183,,,,
2026-02-19T22:46:33.942646,2026-02-19,22:46:33,124.82,31.64,53.47,19.25,68.86,67.49,489,Bhiwadi,India,28.2081,76.8626
2026-02-19T22:46:35.938932,2026-02-19,22:46:35,193.24,33.94,63.44,43.95,76.24,75.10,132,,,,
2026-02-19T22:46:35.958158,2026-02-19,22:46:35,194.25,26.64,56.66,25.30,35.43,40.09,383,Bhiwadi,India,28.2081,76.8626
2026-02-19T22:46:37.975427,2026-02-19,22:46:37,89.57,20.45,74.89,14.25,51.39,61.74,235,Bhiwadi,India,28.2081,76.8626
2026-02-19T22:46:38.252532,2026-02-19,22:46:38,173.42,23.61,50.71,47.45,38.24,79.32,242,,,,
2026-02-19T22:46:40.007901,2026-02-19,22:46:40,116.33,25.72,63.98,36.05,23.99,52.09,199,Bhiwadi,India,28.2081,76.8626
2026-02-19T22:46:40.356610,2026-02-19,22:46:40,150.60,23.17,55.25,26.89,38.60,77.12,178,,,,
2026-02-19T22:46:42.041986,2026-02-19,22:46:42,92.20,22.78,58.16,45.90,78.89,38.58,197,Bhiwadi,India,28.2081,76.8626
2026-02-19T22:46:42.445124,2026-02-19,22:46:42,192.56,26.35,41.23,36.56,79.61,37.61,453,,,,
2026-02-19T22:46:44.075845,2026-02-19,22:46:44,132.17,29.49,76.46,35.07,46.82,70.66,179,Bhiwadi,India,28.2081,76.8626
2026-02-19T22:46:44.559679,2026-02-19,22:46:44,168.70,29.64,41.96,39.95,73.27,50.93,106,,,,
2026-02-19T22:46:46.110405,2026-02-19,22:46:46,126.31,20.49,62.47,41.88,57.53,35.78,307,Bhiwadi,India,28.2081,76.8626
2026-02-19T22:46:46.670969,2026-02-19,22:46:46,113.32,24.47,74.02,33.54,29.34,53.18,455,,,,
2026-02-19T22:46:48.140884,2026-02-19,22:46:48,147.13,29.56,58.48,16.54,36.08,65.29,400,Bhiwadi,India,28.2081,76.8626
2026-02-19T22:46:48.740395,2026-02-19,22:46:48,184.08,26.34,47.79,14.00,30.34,30.86,462,,,,
2026-02-19T22:46:50.174902,2026-02-19,22:46:50,189.21,20.64,58.10,28.36,28.30,54.64,211,Bhiwadi,India,28.2081,76.8626
2026-02-19T22:46:50.833713,2026-02-19,22:46:50,149.44,34.90,42.95,20.07,47.34,60.27,234,,,,
2026-02-19T22:46:52.209878,2026-02-19,22:46:52,160.80,27.35,68.17,41.55,44.74,64.21,479,Bhiwadi,India,28.2081,76.8626
2026-02-19T22:46:52.924808,2026-02-19,22:46:52,117.92,27.84,50.97,21.04,44.68,69.05,197,,,,
2026-02-19T22:46:54.243077,2026-02-19,22:46:54,174.40,29.10,73.21,48.20,43.26,60.44,467,Bhiwadi,India,28.2081,76.8626
2026-02-19T22:46:55.021058,2026-02-19,22:46:55,182.51,24.70,40.59,46.34,59.26,47.96,225,,,,
2026-02-19T22:46:56.276679,2026-02-19,22:46:56,149.28,20.80,69.14,42.46,55.86,65.48,331,Bhiwadi,India,28.2081,76.8626
2026-02-19T22:46:57.110129,2026-02-19,22:46:57,132.30,32.59,62.85,45.73,57.17,62.79,130,,,,
2026-02-19T22:46:58.312691,2026-02-19,22:46:58,196.51,21.25,56.62,18.31,72.10,67.78,498,Bhiwadi,India,28.2081,76.8626
2026-02-19T22:46:59.373002,2026-02-19,22:46:59,141.74,29.66,71.70,37.83,62.27,39.03,158,,,,
2026-02-19T22:47:00.348484,2026-02-19,22:47:00,198.63,27.02,51.23,26.51,42.57,57.79,314,Bhiwadi,India,28.2081,76.8626
2026-02-19T22:47:01.475653,2026-02-19,22:47:01,66.16,26.85,47.81,41.95,57.25,30.94,292,,,,
2026-02-19T22:47:02.384732,2026-02-19,22:47:02,101.96,29.32,41.61,33.43,51.11,45.62,305,Bhiwadi,India,28.2081,76.8626
2026-02-19T22:47:03.567701,2026-02-19,22:47:03,141.80,25.20,69.03,34.37,51.73,76.71,292,,,,
2026-02-19T22:47:04.419143,2026-02-19,22:47:04,86.04,32.45,42.00,21.44,43.34,51.29,239,Bhiwadi,India,28.2081,76.8626
2026-02-19T22:47:05.707013,2026-02-19,22:47:05,159.33,29.74,67.47,42.65,71.19,75.92,333,,,,
2026-02-19T22:47:06.453594,2026-02-19,22:47:06,185.50,30.63,43.12,18.36,29.40,32.66,397,Bhiwadi,India,28.2081,76.8626
2026-02-19T22:47:07.797203,2026-02-19,22:47:07,134.86,29.82,68.92,14.78,26.83,43.08,275,,,,
2026-02-19T22:47:08.488639,2026-02-19,22:47:08,160.22,26.76,43.56,28.76,23.75,75.16,104,Bhiwadi,India,28.2081,76.8626
2026-02-19T22:47:09.897170,2026-02-19,22:47:09,95.72,33.61,41.54,46.45,73.47,79.73,471,,,,
2026-02-19T22:47:10.525009,2026-02-19,22:47:10,176.00,31.70,47.54,44.78,59.86,36.26,412,Bhiwadi,India,28.2081,76.8626
2026-02-19T22:47:11.991315,2026-02-19,22:47:11,193.47,24.40,53.54,11.72,33.09,56.05,149,,,,
2026-02-19T22:47:12.560386,2026-02-19,22:47:12,162.73,23.42,50.11,27.95,57.48,33.30,371,Bhiwadi,India,28.2081,76.8626
2026-02-19T22:47:14.097780,2026-02-19,22:47:14,171.24,25.53,42.10,33.44,38.60,76.08,151,,,,
2026-02-19T22:47:14.594248,2026-02-19,22:47:14,161.66,25.28,68.56,39.60,54.60,64.28,384,Bhiwadi,India,28.2081,76.8626
2026-02-19T22:47:16.194470,2026-02-19,22:47:16,122.85,33.26,77.69,13.72,23.55,43.39,443,,,,
2026-02-19T22:47:16.619343,2026-02-19,22:47:16,62.74,31.05,70.96,13.64,24.60,70.76,165,Bhiwadi,India,28.2081,76.8626
2026-02-19T22:47:18.283739,2026-02-19,22:47:18,81.43,25.22,51.75,31.48,65.24,53.34,183,,,,
2026-02-19T22:47:18.655389,2026-02-19,22:47:18,176.07,28.35,69.38,24.40,54.50,53.23,288,Bhiwadi,India,28.2081,76.8626
2026-02-19T22:47:20.371706,2026-02-19,22:47:20,55.58,30.18,43.62,38.39,37.30,40.02,337,,,,
2026-02-19T22:47:20.688795,2026-02-19,22:47:20,94.80,33.03,74.93,11.81,62.93,36.53,142,Bhiwadi,India,28.2081,76.8626
2026-02-19T22:47:22.464355,2026-02-19,22:47:22,52.96,31.39,67.10,15.44,40.87,54.79,314,,,,
2026-02-19T22:47:22.724308,2026-02-19,22:47:22,97.03,27.02,69.60,28.35,22.26,32.11,276,Bhiwadi,India,28.2081,76.8626
2026-02-19T22:47:24.559972,2026-02-19,22:47:24,101.34,22.15,58.72,39.01,77.99,62.56,141,,,,
2026-02-19T22:47:24.755523,2026-02-19,22:47:24,92.13,32.28,75.53,22.38,26.75,31.21,496,Bhiwadi,India,28.2081,76.8626
2026-02-19T22:47:26.790771,2026-02-19,22:47:26,174.52,28.10,58.65,22.19,51.16,66.58,458,Bhiwadi,India,28.2081,76.8626
2026-02-19T22:47:27.649361,2026-02-19,22:47:27,180.09,23.08,79.44,14.68,29.18,62.92,496,,,,
2026-02-19T22:47:28.827200,2026-02-19,22:47:28,143.89,32.27,63.24,16.75,32.82,67.21,304,Bhiwadi,India,28.2081,76.8626
2026-02-19T22:47:29.717365,2026-02-19,22:47:29,58.86,31.31,77.27,43.05,49.47,47.29,379,,,,
2026-02-19T22:47:30.863760,2026-02-19,22:47:30,193.55,28.31,76.19,47.97,41.59,33.39,351,Bhiwadi,India,28.2081,76.8626
2026-02-19T22:47:31.809616,2026-02-19,22:47:31,86.47,30.67,74.43,33.72,24.18,79.58,162,,,,
2026-02-19T22:47:32.899499,2026-02-19,22:47:32,170.11,28.64,73.91,41.89,76.31,79.95,358,Bhiwadi,India,28.2081,76.8626
2026-02-19T22:47:33.908427,2026-02-19,22:47:33,109.83,26.61,50.94,12.69,23.86,72.64,399,,,,
2026-02-19T22:47:34.936243,2026-02-19,22:47:34,51.96,25.58,44.67,13.19,67.31,53.14,296,Bhiwadi,India,28.2081,76.8626
2026-02-19T22:47:36.002049,2026-02-19,22:47:36,72.67,30.65,79.04,15.19,27.21,38.92,181,,,,
2026-02-19T22:47:36.972030,2026-02-19,22:47:36,115.46,29.51,41.54,18.40,66.52,60.97,425,Bhiwadi,India,28.2081,76.8626
2026-02-19T22:47:38.095680,2026-02-19,22:47:38,138.68,29.23,57.64,47.16,46.14,39.41,121,,,,
2026-02-19T22:47:39.001929,2026-02-19,22:47:39,146.35,34.43,75.62,44.55,74.69,78.68,262,Bhiwadi,India,28.2081,76.8626
2026-02-19T22:47:40.183064,2026-02-19,22:47:40,120.92,31.72,56.89,39.13,49.53,75.14,146,,,,
2026-02-19T22:47:41.032331,2026-02-19,22:47:41,99.45,28.85,68.18,40.16,42.89,39.39,351,Bhiwadi,India,28.2081,76.8626
2026-02-19T22:47:42.291080,2026-02-19,22:47:42,163.09,28.23,54.91,46.28,42.57,45.40,328,,,,
2026-02-19T22:47:43.068978,2026-02-19,22:47:43,56.42,33.47,72.28,48.65,20.88,34.21,208,Bhiwadi,India,28.2081,76.8626
2026-02-19T22:47:44.384087,2026-02-19,22:47:44,125.62,20.86,50.98,23.13,54.20,40.79,219,,,,
2026-02-19T22:47:45.104589,2026-02-19,22:47:45,105.59,34.79,42.95,12.42,25.82,74.86,194,Bhiwadi,India,28.2081,76.8626
2026-02-19T22:47:46.472336,2026-02-19,22:47:46,158.56,27.35,74.13,17.62,52.78,31.10,433,,,,
2026-02-19T22:47:47.139187,2026-02-19,22:47:47,162.34,28.82,45.37,20.71,34.12,47.77,121,Bhiwadi,India,28.2081,76.8626
2026-02-19T22:47:48.558107,2026-02-19,22:47:48,110.58,26.45,66.13,14.24,76.69,73.83,230,,,,
2026-02-19T22:47:49.174255,2026-02-19,22:47:49,144.90,34.97,79.78,31.90,41.55,68.11,210,Bhiwadi,India,28.2081,76.8626
2026-02-19T22:47:50.644180,2026-02-19,22:47:50,132.74,24.43,77.74,46.52,34.36,41.73,151,,,,
2026-02-19T22:47:51.210255,2026-02-19,22:47:51,190.99,29.14,68.25,33.08,67.41,68.17,466,Bhiwadi,India,28.2081,76.8626
2026-02-19T22:47:52.721167,2026-02-19,22:47:52,85.94,20.79,66.03,22.05,71.68,52.65,341,,,,
2026-02-19T22:47:53.243658,2026-02-19,22:47:53,124.25,33.20,74.29,36.00,20.98,68.44,122,Bhiwadi,India,28.2081,76.8626
2026-02-19T22:47:54.799612,2026-02-19,22:47:54,173.57,33.85,58.13,32.54,74.93,40.25,377,,,,
2026-02-19T22:47:55.273855,2026-02-19,22:47:55,117.92,23.96,42.00,28.80,60.37,61.30,348,Bhiwadi,India,28.2081,76.8626
2026-02-19T22:47:56.901780,2026-02-19,22:47:56,147.28,22.93,40.91,40.58,31.28,63.65,343,,,,
2026-02-19T22:47:57.308156,2026-02-19,22:47:57,153.50,31.15,60.42,46.61,65.85,34.16,437,Bhiwadi,India,28.2081,76.8626
2026-02-19T22:47:58.976580,2026-02-19,22:47:58,104.44,31.90,63.85,30.30,45.56,68.40,243,,,,
2026-02-19T22:47:59.335990,2026-02-19,22:47:59,167.51,33.63,64.06,31.10,38.71,60.59,441,Bhiwadi,India,28.2081,76.8626
2026-02-19T22:48:01.065203,2026-02-19,22:48:01,61.06,25.29,72.94,14.42,51.04,71.26,206,,,,
2026-02-19T22:48:01.364999,2026-02-19,22:48:01,115.80,33.67,68.35,11.99,32.33,64.82,250,Bhiwadi,India,28.2081,76.8626
2026-02-19T22:48:03.178563,2026-02-19,22:48:03,175.71,33.64,73.32,20.43,47.49,62.46,208,,,,
2026-02-19T22:48:03.389054,2026-02-19,22:48:03,53.84,24.71,69.57,33.41,25.85,57.38,173,Bhiwadi,India,28.2081,76.8626
2026-02-19T22:48:05.275857,2026-02-19,22:48:05,87.49,20.60,63.58,43.41,77.83,72.85,147,,,,
2026-02-19T22:48:05.412668,2026-02-19,22:48:05,188.61,31.40,64.26,39.77,46.29,56.97,436,Bhiwadi,India,28.2081,76.8626
2026-02-19T22:48:07.376335,2026-02-19,22:48:07,131.49,21.59,78.04,13.26,64.69,34.75,326,,,,
2026-02-19T22:48:07.442349,2026-02-19,22:48:07,168.70,23.36,66.42,13.20,58.48,37.17,103,Bhiwadi,India,28.2081,76.8626
2026-02-19T22:48:09.459770,2026-02-19,22:48:09,143.24,26.83,68.21,17.32,41.74,46.58,302,Bhiwadi,India,28.2081,76.8626
2026-02-19T22:48:09.469791,2026-02-19,22:48:09,89.86,20.88,52.64,25.78,21.37,73.82,434,,,,
2026-02-19T22:48:11.488282,2026-02-19,22:48:11,186.92,26.21,76.11,43.74,53.20,50.20,192,Bhiwadi,India,28.2081,76.8626
2026-02-19T22:48:11.601760,2026-02-19,22:48:11,109.94,23.71,75.86,17.36,48.30,59.93,192,,,,
2026-02-19T22:48:13.525829,2026-02-19,22:48:13,59.79,26.81,71.35,22.61,27.47,77.13,336,Bhiwadi,India,28.2081,76.8626
2026-02-19T22:48:13.714360,2026-02-19,22:48:13,54.40,25.07,40.81,21.82,54.95,34.03,384,,,,
2026-02-19T22:48:15.561708,2026-02-19,22:48:15,91.60,26.06,42.96,42.45,76.76,42.89,325,Bhiwadi,India,28.2081,76.8626
2026-02-19T22:48:15.800609,2026-02-19,22:48:15,118.52,30.68,73.94,21.75,49.73,41.13,352,,,,
2026-02-19T22:48:17.585254,2026-02-19,22:48:17,176.62,28.04,52.67,22.04,31.31,43.56,379,Bhiwadi,India,28.2081,76.8626
2026-02-19T22:48:17.929887,2026-02-19,22:48:17,57.76,34.96,41.80,16.68,74.30,64.86,351,,,,
2026-02-19T22:48:19.605137,2026-02-19,22:48:19,104.52,32.71,56.66,26.97,36.10,35.64,449,Bhiwadi,India,28.2081,76.8626
2026-02-19T22:48:20.055765,2026-02-19,22:48:20,154.02,32.87,63.98,46.83,26.54,36.35,226,,,,
2026-02-19T22:48:21.642414,2026-02-19,22:48:21,137.79,23.77,55.75,36.42,51.88,34.97,423,Bhiwadi,India,28.2081,76.8626
2026-02-19T22:48:22.155280,2026-02-19,22:48:22,69.62,23.20,46.23,36.08,49.31,44.99,361,,,,
2026-02-19T22:48:23.682156,2026-02-19,22:48:23,157.07,29.64,58.57,22.65,31.49,34.07,340,Bhiwadi,India,28.2081,76.8626
2026-02-19T22:48:24.242173,2026-02-19,22:48:24,179.80,21.45,44.61,25.77,44.73,42.66,269,,,,
2026-02-19T22:48:25.722806,2026-02-19,22:48:25,186.13,29.79,40.58,11.00,41.59,48.48,262,Bhiwadi,India,28.2081,76.8626
2026-02-19T22:48:26.337580,2026-02-19,22:48:26,59.05,21.13,41.86,25.09,79.78,32.77,335,,,,
2026-02-19T22:48:27.761397,2026-02-19,22:48:27,171.08,25.45,73.70,38.92,61.84,36.19,210,Bhiwadi,India,28.2081,76.8626
2026-02-19T22:48:28.443543,2026-02-19,22:48:28,132.31,26.91,43.04,48.75,61.32,34.77,141,,,,
2026-02-19T22:48:29.796240,2026-02-19,22:48:29,86.54,23.23,67.39,47.15,65.46,37.15,253,Bhiwadi,India,28.2081,76.8626
2026-02-19T22:48:30.567785,2026-02-19,22:48:30,169.69,28.09,78.02,42.17,36.98,43.99,388,,,,
2026-02-19T22:48:31.827273,2026-02-19,22:48:31,94.19,28.46,56.55,38.06,29.99,79.10,109,Bhiwadi,India,28.2081,76.8626
2026-02-19T22:48:32.667520,2026-02-19,22:48:32,121.00,30.71,61.31,18.43,68.07,40.56,379,,,,
2026-02-19T22:48:33.859617,2026-02-19,22:48:33,102.14,20.90,63.87,10.41,60.29,31.50,252,Bhiwadi,India,28.2081,76.8626
2026-02-19T22:48:34.748925,2026-02-19,22:48:34,104.29,29.80,75.61,15.61,66.14,50.92,293,,,,
2026-02-19T22:48:35.891544,2026-02-19,22:48:35,56.87,31.44,41.01,11.24,52.10,48.20,312,Bhiwadi,India,28.2081,76.8626
2026-02-19T22:48:36.821050,2026-02-19,22:48:36,116.07,30.87,73.69,48.62,75.30,64.17,469,,,,
2026-02-19T22:48:37.926885,2026-02-19,22:48:37,54.58,27.04,49.02,38.12,31.73,31.09,354,Bhiwadi,India,28.2081,76.8626
2026-02-19T22:48:38.895664,2026-02-19,22:48:38,172.28,20.09,58.00,15.95,38.48,44.83,403,,,,
2026-02-19T22:48:39.964924,2026-02-19,22:48:39,130.80,29.32,75.87,15.71,70.61,48.37,195,Bhiwadi,India,28.2081,76.8626
2026-02-19T22:48:40.980358,2026-02-19,22:48:40,83.86,22.26,73.99,16.88,53.83,67.11,318,,,,
2026-02-19T22:48:42.002378,2026-02-19,22:48:42,181.27,31.30,57.65,21.20,72.33,46.96,390,Bhiwadi,India,28.2081,76.8626
2026-02-19T22:48:43.078833,2026-02-19,22:48:43,70.10,23.26,50.18,36.83,45.13,37.34,360,,,,
2026-02-19T22:48:44.033975,2026-02-19,22:48:44,121.77,28.50,67.14,39.56,44.83,34.05,108,Bhiwadi,India,28.2081,76.8626
2026-02-19T22:48:45.159195,2026-02-19,22:48:45,57.70,34.76,66.34,39.02,59.51,74.05,273,,,,
2026-02-19T22:48:46.071075,2026-02-19,22:48:46,188.07,24.08,49.91,41.44,36.55,79.19,218,Bhiwadi,India,28.2081,76.8626
2026-02-19T22:48:47.252791,2026-02-19,22:48:47,52.00,29.51,71.61,10.93,56.97,63.69,214,,,,
2026-02-19T22:48:48.100564,2026-02-19,22:48:48,182.87,25.27,46.32,19.11,23.63,53.54,179,Bhiwadi,India,28.2081,76.8626
2026-02-19T22:48:49.349921,2026-02-19,22:48:49,84.84,22.22,62.08,30.36,71.87,48.73,368,,,,
2026-02-19T22:48:50.123957,2026-02-19,22:48:50,99.93,26.86,59.60,14.22,52.56,40.84,152,Bhiwadi,India,28.2081,76.8626
2026-02-19T22:48:51.516174,2026-02-19,22:48:51,63.47,30.29,73.94,14.72,63.67,37.23,334,,,,
2026-02-19T22:48:52.165485,2026-02-19,22:48:52,51.81,28.81,46.43,29.96,52.47,51.80,453,Bhiwadi,India,28.2081,76.8626
2026-02-19T22:48:53.608119,2026-02-19,22:48:53,103.77,25.43,43.17,49.70,69.53,51.89,293,,,,
2026-02-19T22:48:54.205169,2026-02-19,22:48:54,184.76,34.24,71.72,46.52,35.85,47.23,315,Bhiwadi,India,28.2081,76.8626
2026-02-19T22:48:55.719735,2026-02-19,22:48:55,154.20,32.73,71.58,10.50,75.28,51.18,126,,,,
2026-02-19T22:48:56.241826,2026-02-19,22:48:56,83.45,27.69,75.39,11.07,34.25,30.99,310,Bhiwadi,India,28.2081,76.8626
2026-02-19T22:48:57.822504,2026-02-19,22:48:57,137.62,32.62,69.14,43.04,38.63,65.45,413,,,,
2026-02-19T22:48:58.278944,2026-02-19,22:48:58,116.59,32.80,77.95,15.92,30.62,60.35,380,Bhiwadi,India,28.2081,76.8626
2026-02-19T22:48:59.906012,2026-02-19,22:48:59,152.15,31.73,63.96,32.88,58.52,68.23,190,,,,
2026-02-19T22:49:00.310665,2026-02-19,22:49:00,123.67,26.14,55.96,18.18,57.19,64.53,249,Bhiwadi,India,28.2081,76.8626
2026-02-19T22:49:02.113925,2026-02-19,22:49:02,194.39,24.85,47.64,45.00,31.05,55.89,167,,,,
2026-02-19T22:49:02.338871,2026-02-19,22:49:02,73.55,23.13,78.34,46.08,28.55,63.56,479,Bhiwadi,India,28.2081,76.8626
2026-02-19T22:49:04.209559,2026-02-19,22:49:04,175.65,25.19,74.92,37.35,67.34,56.02,183,,,,
2026-02-19T22:49:04.376932,2026-02-19,22:49:04,161.73,34.47,65.72,20.80,57.79,63.59,441,Bhiwadi,India,28.2081,76.8626
2026-02-19T22:49:06.349758,2026-02-19,22:49:06,76.38,21.08,62.23,39.04,27.93,77.57,101,,,,
2026-02-19T22:49:06.405143,2026-02-19,22:49:06,105.91,21.71,44.88,47.31,55.38,51.76,279,Bhiwadi,India,28.2081,76.8626
2026-02-19T22:49:08.421067,2026-02-19,22:49:08,172.57,23.60,68.86,31.59,20.29,34.35,383,,,,
2026-02-19T22:49:08.428929,2026-02-19,22:49:08,137.02,21.60,65.37,36.31,74.58,37.34,133,Bhiwadi,India,28.2081,76.8626
2026-02-19T22:49:10.454798,2026-02-19,22:49:10,120.39,30.48,63.42,18.46,68.22,38.02,449,Bhiwadi,India,28.2081,76.8626
2026-02-19T22:49:10.503980,2026-02-19,22:49:10,58.10,28.26,67.57,22.85,33.07,47.86,332,,,,
2026-02-19T22:49:12.492688,2026-02-19,22:49:12,89.97,20.20,62.69,36.68,55.61,64.94,121,Bhiwadi,India,28.2081,76.8626
2026-02-19T22:49:12.582388,2026-02-19,22:49:12,115.53,34.24,40.08,29.90,51.83,46.20,162,,,,
2026-02-19T22:49:14.529261,2026-02-19,22:49:14,155.76,25.35,60.23,41.64,78.20,51.69,498,Bhiwadi,India,28.2081,76.8626
2026-02-19T22:49:14.652848,2026-02-19,22:49:14,160.95,26.21,42.18,25.63,70.88,75.57,419,,,,
2026-02-19T22:49:16.561199,2026-02-19,22:49:16,67.10,22.21,63.44,23.79,59.85,72.69,360,Bhiwadi,India,28.2081,76.8626
2026-02-19T22:49:16.735907,2026-02-19,22:49:16,127.78,33.05,76.24,49.17,29.51,44.06,489,,,,
2026-02-19T22:49:18.593035,2026-02-19,22:49:18,80.01,23.36,59.77,28.26,29.60,75.34,240,Bhiwadi,India,28.2081,76.8626
2026-02-19T22:49:18.944556,2026-02-19,22:49:18,71.28,24.88,73.97,38.26,74.10,38.59,393,,,,
2026-02-19T22:49:20.627045,2026-02-19,22:49:20,128.46,25.66,64.69,26.55,61.76,67.54,398,Bhiwadi,India,28.2081,76.8626
2026-02-19T22:49:21.048340,2026-02-19,22:49:21,147.50,26.67,60.49,38.47,67.93,66.53,390,,,,
2026-02-19T22:49:22.664853,2026-02-19,22:49:22,110.23,30.85,79.43,42.42,27.00,76.65,258,Bhiwadi,India,28.2081,76.8626
2026-02-19T22:49:23.186995,2026-02-19,22:49:23,74.33,21.11,41.43,22.80,45.66,59.31,143,,,,
2026-02-19T22:49:24.701319,2026-02-19,22:49:24,100.76,26.10,76.81,28.03,33.64,64.96,297,Bhiwadi,India,28.2081,76.8626
2026-02-19T22:49:25.328726,2026-02-19,22:49:25,137.58,32.91,49.91,20.23,30.94,73.02,477,,,,
2026-02-19T22:49:26.724828,2026-02-19,22:49:26,128.40,25.18,63.93,47.65,58.21,64.29,184,Bhiwadi,India,28.2081,76.8626
2026-02-19T22:49:27.461975,2026-02-19,22:49:27,68.31,30.13,73.79,42.13,24.03,64.75,161,,,,
2026-02-19T22:49:28.762922,2026-02-19,22:49:28,188.49,33.59,75.95,45.09,63.31,74.68,166,Bhiwadi,India,28.2081,76.8626
2026-02-19T22:49:29.576034,2026-02-19,22:49:29,57.23,26.20,61.25,37.57,48.12,35.45,182,,,,
2026-02-19T22:49:30.799545,2026-02-19,22:49:30,195.31,22.93,78.17,10.65,66.16,56.60,398,Bhiwadi,India,28.2081,76.8626
2026-02-19T22:49:31.685933,2026-02-19,22:49:31,64.07,27.47,79.28,40.10,66.98,46.09,190,,,,
2026-02-19T22:49:32.838934,2026-02-19,22:49:32,159.33,32.96,72.60,20.26,71.41,79.92,235,Bhiwadi,India,28.2081,76.8626
2026-02-19T22:49:33.769452,2026-02-19,22:49:33,92.58,33.45,45.83,42.04,40.33,50.90,375,,,,
2026-02-19T22:49:34.878032,2026-02-19,22:49:34,175.21,29.80,43.87,40.76,58.90,76.88,347,Bhiwadi,India,28.2081,76.8626
2026-02-19T22:49:35.847081,2026-02-19,22:49:35,133.65,22.85,65.83,31.74,34.84,43.08,321,,,,
2026-02-19T22:49:36.910377,2026-02-19,22:49:36,105.19,22.58,64.07,22.53,66.14,42.63,292,Bhiwadi,India,28.2081,76.8626
2026-02-19T22:49:37.934194,2026-02-19,22:49:37,191.61,32.38,53.17,23.39,49.73,47.19,464,,,,
2026-02-19T22:49:38.949249,2026-02-19,22:49:38,94.82,31.40,40.73,13.96,29.57,51.97,212,Bhiwadi,India,28.2081,76.8626
2026-02-19T22:49:40.024900,2026-02-19,22:49:40,109.31,31.07,74.01,19.36,39.24,31.26,117,,,,
2026-02-19T22:49:40.985083,2026-02-19,22:49:40,114.73,21.08,51.94,35.38,59.00,40.77,260,Bhiwadi,India,28.2081,76.8626
2026-02-19T22:49:42.146816,2026-02-19,22:49:42,158.34,26.88,50.78,35.56,21.30,60.74,408,,,,
2026-02-19T22:49:43.008759,2026-02-19,22:49:43,77.31,20.64,55.96,25.40,50.83,63.14,192,Bhiwadi,India,28.2081,76.8626
2026-02-19T22:49:44.267685,2026-02-19,22:49:44,123.53,27.05,50.67,23.09,39.10,31.87,112,,,,
2026-02-19T22:49:45.051537,2026-02-19,22:49:45,189.22,33.68,55.52,21.87,68.23,41.68,130,Bhiwadi,India,28.2081,76.8626
2026-02-19T22:49:46.386541,2026-02-19,22:49:46,111.20,20.34,41.21,26.45,46.82,42.38,360,,,,
2026-02-19T22:49:47.093693,2026-02-19,22:49:47,58.34,27.53,74.60,20.41,41.49,43.45,296,Bhiwadi,India,28.2081,76.8626
2026-02-19T22:49:48.526020,2026-02-19,22:49:48,198.02,26.35,56.67,31.69,71.35,77.35,136,,,,
2026-02-19T22:49:49.137242,2026-02-19,22:49:49,67.56,32.55,74.92,37.92,75.95,79.36,499,Bhiwadi,India,28.2081,76.8626
2026-02-19T22:49:50.687204,2026-02-19,22:49:50,58.12,28.54,51.53,44.75,47.34,52.48,413,,,,
2026-02-19T22:49:51.170301,2026-02-19,22:49:51,158.45,26.63,42.17,36.48,32.61,62.65,152,Bhiwadi,India,28.2081,76.8626
2026-02-19T22:49:52.853729,2026-02-19,22:49:52,112.16,21.46,60.68,48.70,57.03,69.03,142,,,,
2026-02-19T22:49:53.197295,2026-02-19,22:49:53,179.45,25.75,60.95,10.93,44.29,31.46,126,Bhiwadi,India,28.2081,76.8626
2026-02-19T22:49:54.994759,2026-02-19,22:49:54,86.94,27.11,44.84,30.92,44.02,46.80,303,,,,
2026-02-19T22:49:55.239725,2026-02-19,22:49:55,174.98,34.59,78.34,48.38,65.75,48.64,197,Bhiwadi,India,28.2081,76.8626
2026-02-19T22:49:57.092180,2026-02-19,22:49:57,180.04,20.10,75.35,11.38,41.19,75.94,211,,,,
2026-02-19T22:49:57.279694,2026-02-19,22:49:57,63.90,32.14,75.35,37.15,76.92,74.02,344,Bhiwadi,India,28.2081,76.8626
2026-02-19T22:49:59.231275,2026-02-19,22:49:59,51.10,22.13,40.03,20.33,25.10,37.43,110,,,,
2026-02-19T22:49:59.317616,2026-02-19,22:49:59,94.80,31.94,41.51,47.47,63.52,62.54,472,Bhiwadi,India,28.2081,76.8626
2026-02-19T22:50:01.343951,2026-02-19,22:50:01,135.66,31.45,52.67,29.20,45.54,75.75,365,Bhiwadi,India,28.2081,76.8626
2026-02-19T22:50:01.368273,2026-02-19,22:50:01,133.43,29.02,79.86,29.91,61.65,41.90,488,,,,
2026-02-19T22:50:03.377728,2026-02-19,22:50:03,75.23,28.96,49.08,39.88,47.96,73.82,248,Bhiwadi,India,28.2081,76.8626
2026-02-19T22:50:03.442171,2026-02-19,22:50:03,174.10,28.46,65.14,11.38,41.28,61.69,444,,,,
